Time,Run Time,RPM,Speed,Throttle,Load %,MAF,Intake Temperature,Air Intake
22:01:53,0.0,0.0,0.0,15.686274509803921,0.0,0.0,41,94
22:01:54,0.0,0.0,0.0,15.686274509803921,0.0,0.0,41,94
22:01:54,0.0,0.0,0.0,15.686274509803921,0.0,0.0,41,94
22:01:55,0.0,0.0,0.0,15.686274509803921,0.0,0.0,41,94
22:01:56,0.0,0.0,0.0,15.686274509803921,0.0,0.0,41,94
22:01:56,0.0,0.0,0.0,15.686274509803921,0.0,0.0,41,94
22:01:57,0.0,0.0,0.0,15.686274509803921,0.0,0.0,41,94
22:01:58,0.0,229.25,0.0,15.686274509803921,57.254901960784316,0.0023054643162756646,41,80
22:01:58,0.0,1518.75,0.0,14.901960784313726,26.274509803921568,0.006873024072648417,41,36
22:01:59,1.0,1024.75,0.0,14.901960784313726,27.84313725490196,0.004766270918747494,41,37
22:02:00,2.0,989.25,0.0,14.901960784313726,29.41176470588235,0.004849865998917794,41,39
22:02:00,2.0,943.75,0.0,14.509803921568627,29.41176470588235,0.00462679912709494,41,39
22:02:01,3.0,873.25,0.0,14.509803921568627,30.19607843137255,0.00439094157947159,41,40
22:02:02,3.0,811.0,0.0,14.509803921568627,30.58823529411765,0.004179879715402515,41,41
22:02:02,4.0,776.5,0.0,14.509803921568627,31.372549019607842,0.004099678721194016,41,42
22:02:03,5.0,774.0,0.0,14.117647058823529,31.372549019607842,0.004086479498009232,41,42
22:02:04,5.0,769.5,0.0,14.117647058823529,30.980392156862745,0.00406272089627662,41,42
22:02:04,6.0,754.75,0.0,14.117647058823529,30.980392156862745,0.003984845479486392,41,42
22:02:05,7.0,752.5,0.0,14.117647058823529,30.980392156862745,0.003972966178620086,41,42
22:02:05,7.0,762.25,0.0,14.117647058823529,30.58823529411765,0.003928623074063585,41,41
22:02:06,8.0,754.0,0.0,13.72549019607843,30.19607843137255,0.003886102719375458,41,41
22:02:07,9.0,756.0,0.0,14.117647058823529,29.80392156862745,0.00380137627721789,41,40
22:02:07,9.0,750.75,0.0,14.117647058823529,30.19607843137255,0.0038693522766195293,41,41
22:02:08,10.0,749.75,0.0,14.117647058823529,30.19607843137255,0.00386419829423309,41,41
22:02:09,11.0,755.0,0.0,14.117647058823529,30.19607843137255,0.0038912567017618978,41,41
22:02:09,11.0,761.75,0.0,14.117647058823529,30.19607843137255,0.0038302888613369413,41,40
22:02:10,12.0,734.0,0.0,14.117647058823529,30.980392156862745,0.0038752919270526823,41,42
22:02:11,13.0,737.0,0.0,14.117647058823529,31.764705882352942,0.0038911309948744233,41,42
22:02:11,13.0,744.75,0.0,14.117647058823529,31.372549019607842,0.0039320485867472554,41,42
22:02:12,14.0,746.75,0.0,14.117647058823529,32.15686274509804,0.004036479583516394,41,43
22:02:13,15.0,736.5,0.0,14.117647058823529,33.72549019607843,0.004166240518111572,41,45
22:02:13,15.0,752.75,0.0,14.117647058823529,33.333333333333336,0.004258163679577034,41,45
22:02:14,16.0,855.75,0.0,16.470588235294116,44.31372549019608,0.005916551792579581,41,55
22:02:15,16.0,816.75,0.0,14.901960784313726,40.78431372549019,0.005441568318258555,41,53
22:02:15,17.0,762.0,0.0,14.901960784313726,41.1764705882353,0.00507679835753048,41,53
22:02:16,18.0,774.0,0.0,15.294117647058824,41.96078431372549,0.005156747937964031,41,53
22:02:17,18.0,781.75,0.0,14.901960784313726,41.1764705882353,0.0052083820419940325,41,53
22:02:17,19.0,791.5,0.0,14.901960784313726,40.3921568627451,0.005173844074660513,41,52
22:02:18,20.0,782.75,0.0,14.901960784313726,40.3921568627451,0.005116647440859781,41,52
22:02:18,20.0,790.0,0.0,14.901960784313726,40.0,0.0050647304963329625,41,51
22:02:19,21.0,787.75,0.0,14.901960784313726,39.6078431372549,0.005050305630995305,41,51
22:02:20,22.0,897.75,0.0,22.745098039215687,56.470588235294116,0.00812544179255324,41,72
22:02:20,22.0,799.5,0.0,19.215686274509803,57.64705882352941,0.007236191270561198,41,72
22:02:21,23.0,825.75,1.0,15.686274509803921,51.372549019607845,0.006850962513896706,41,66
22:02:22,24.0,798.0,2.0,14.901960784313726,50.19607843137255,0.006219473964670381,41,62
22:02:22,24.0,779.0,3.0,15.294117647058824,47.05882352941177,0.0056796885898564384,41,58
22:02:23,25.0,788.0,3.0,15.294117647058824,44.31372549019608,0.005547193530458699,41,56
22:02:24,26.0,798.0,4.0,14.901960784313726,42.35294117647059,0.005416961195035493,41,54
22:02:24,26.0,787.0,4.0,15.294117647058824,42.745098039215684,0.005342291303875857,41,54
22:02:25,27.0,773.75,4.0,15.294117647058824,44.31372549019608,0.005446879434254338,41,56
22:02:26,27.0,755.0,4.0,15.686274509803921,46.666666666666664,0.0055047046024924405,41,58
22:02:26,28.0,759.5,3.0,15.686274509803921,51.372549019607845,0.006014886005306225,41,63
22:02:27,29.0,768.5,3.0,16.07843137254902,52.94117647058823,0.006472584782599555,41,67
22:02:27,29.0,810.5,4.0,15.686274509803921,50.588235294117645,0.006316896802462837,41,62
22:02:28,30.0,787.5,4.0,18.431372549019606,52.94117647058823,0.006632609650354131,41,67
22:02:29,31.0,802.75,4.0,14.901960784313726,47.84313725490196,0.005852849827352061,41,58
22:02:29,31.0,778.0,4.0,16.862745098039216,56.07843137254902,0.0068459970918414775,41,70
22:02:30,32.0,795.25,3.0,14.901960784313726,47.05882352941177,0.005798167331300812,41,58
22:02:31,33.0,780.25,3.0,16.07843137254902,55.68627450980392,0.0066696303287152635,41,68
22:02:31,33.0,805.25,2.0,14.901960784313726,47.450980392156865,0.00597230279717436,41,59
22:02:32,34.0,793.5,2.0,16.470588235294116,55.294117647058826,0.006882640649540188,41,69
22:02:33,34.0,798.0,2.0,15.294117647058824,47.05882352941177,0.005918531676057298,41,59
22:02:33,35.0,775.75,1.0,16.862745098039216,57.254901960784316,0.006533646903190117,41,67
22:02:34,36.0,801.5,1.0,14.901960784313726,48.23529411764706,0.006045244218631228,41,60
22:02:35,36.0,775.75,1.0,15.686274509803921,52.549019607843135,0.006241095549315933,41,64
22:02:35,37.0,772.25,1.0,16.07843137254902,50.588235294117645,0.006115860062669824,41,63
22:02:36,38.0,787.25,1.0,15.686274509803921,49.411764705882355,0.005937764829840841,41,60
22:02:37,38.0,785.0,0.0,18.431372549019606,51.372549019607845,0.006414193933367818,41,65
22:02:37,39.0,772.75,2.0,14.901960784313726,48.23529411764706,0.005731259840442704,41,59
22:02:38,40.0,763.5,2.0,17.254901960784313,52.549019607843135,0.006334495766709216,41,66
22:02:38,40.0,781.25,2.0,15.294117647058824,48.627450980392155,0.005892510350350152,41,60
22:02:39,41.0,757.5,1.0,16.862745098039216,56.07843137254902,0.006856053642839408,41,72
22:02:40,42.0,767.25,1.0,14.901960784313726,47.84313725490196,0.0056904679554573455,41,59
22:02:40,42.0,769.75,1.0,16.07843137254902,64.31372549019608,0.007741030130657331,41,80
22:02:41,43.0,777.0,1.0,14.901960784313726,47.84313725490196,0.005762780842476843,41,59
22:02:42,44.0,770.0,0.0,15.686274509803921,61.568627450980394,0.007646749965051727,41,79
22:02:42,44.0,843.25,1.0,14.509803921568627,47.84313725490196,0.00636013997175394,41,60
22:02:43,45.0,771.25,1.0,15.686274509803921,51.76470588235294,0.006301843402687809,41,65
22:02:44,46.0,774.25,1.0,14.901960784313726,49.80392156862745,0.006034370572864715,41,62
22:02:44,46.0,777.5,1.0,15.686274509803921,50.19607843137255,0.006059700510690754,41,62
22:02:45,47.0,795.0,2.0,20.784313725490197,51.76470588235294,0.006495903410226007,41,65
22:02:46,48.0,775.75,1.0,14.509803921568627,48.627450980392155,0.005851027077483687,41,60
22:02:46,48.0,761.5,1.0,17.254901960784313,53.72549019607843,0.006413628252374185,41,67
22:02:47,49.0,766.75,1.0,14.901960784313726,48.23529411764706,0.005783145358247653,41,60
22:02:48,49.0,709.25,1.0,16.862745098039216,57.254901960784316,0.006775978355518384,41,76
22:02:48,50.0,761.75,1.0,14.901960784313726,48.23529411764706,0.005649676070471989,41,59
22:02:49,51.0,740.25,1.0,16.862745098039216,57.64705882352941,0.00688603473550199,41,74
22:02:49,51.0,785.5,1.0,14.901960784313726,47.84313725490196,0.005825822846545123,41,59
22:02:50,52.0,743.5,0.0,15.686274509803921,56.07843137254902,0.006822804171102499,41,73
22:02:51,53.0,797.75,1.0,15.294117647058824,49.411764705882355,0.006016960168949547,41,60
22:02:51,53.0,749.0,0.0,16.07843137254902,58.431372549019606,0.006496657651550853,41,69
22:02:52,54.0,786.75,0.0,14.901960784313726,49.411764705882355,0.006131793410657171,41,62
22:02:53,55.0,727.25,0.0,15.686274509803921,57.254901960784316,0.006673684375836305,41,73
22:02:53,55.0,971.0,0.0,17.647058823529413,55.294117647058826,0.008422235753879676,41,69
22:02:54,56.0,777.0,0.0,21.176470588235293,64.70588235294117,0.008009288628527138,41,82
22:02:55,57.0,899.25,0.0,14.509803921568627,48.627450980392155,0.006782515113667039,41,60
22:02:55,57.0,768.75,0.0,15.686274509803921,51.76470588235294,0.006378053203219005,41,66
22:02:56,58.0,776.0,0.0,15.686274509803921,57.64705882352941,0.006730849582915169,41,69
22:02:57,59.0,793.5,1.0,14.117647058823529,55.294117647058826,0.006383898573486552,41,64
22:02:57,59.0,883.5,2.0,19.215686274509803,74.90196078431373,0.008996024841755372,41,81
22:02:58,60.0,1218.75,4.0,17.647058823529413,52.94117647058823,0.00934552141565534,41,61
22:02:59,61.0,1105.25,6.0,17.254901960784313,50.19607843137255,0.008197314705466578,41,59
22:02:59,61.0,1076.0,6.0,17.254901960784313,61.568627450980394,0.009197721542707624,41,68
22:03:00,62.0,1418.0,8.0,19.607843137254903,61.1764705882353,0.011942908551367818,41,67
22:03:01,63.0,1597.25,10.0,20.392156862745097,58.03921568627451,0.013051046191174202,41,65
22:03:01,63.0,1771.25,12.0,20.392156862745097,53.333333333333336,0.013804816115190993,41,62
22:03:02,64.0,1872.5,13.0,20.392156862745097,53.72549019607843,0.014358554954514565,41,61
22:03:03,64.0,1486.0,15.0,19.607843137254903,56.86274509803921,0.011768427391553718,41,63
22:03:03,65.0,1513.0,16.0,18.823529411764707,49.411764705882355,0.010650893161908644,41,56
22:03:04,66.0,1510.0,17.0,18.431372549019606,47.05882352941177,0.010250139604641096,41,54
22:03:05,66.0,1494.5,17.0,18.431372549019606,47.450980392156865,0.010144922939825244,41,54
22:03:05,67.0,1463.0,17.0,18.431372549019606,46.27450980392157,0.009747186347857076,41,53
22:03:06,68.0,1490.0,17.0,18.431372549019606,44.705882352941174,0.009739769641496102,41,52
22:03:07,69.0,1512.75,18.0,18.03921568627451,43.13725490196079,0.009508154701325005,41,50
22:03:07,69.0,1466.0,18.0,17.647058823529413,30.980392156862745,0.007555738178520453,41,41
22:03:08,70.0,1208.5,16.0,15.294117647058824,28.235294117647058,0.005772837393474774,41,38
22:03:09,71.0,1023.5,15.0,15.294117647058824,31.372549019607842,0.005403761971850708,41,42
22:03:10,71.0,919.0,13.0,15.294117647058824,36.86274509803921,0.005545182220259112,41,48
22:03:10,72.0,859.25,11.0,15.686274509803921,43.92156862745098,0.005940750368418352,41,55
22:03:11,73.0,811.0,9.0,15.294117647058824,45.490196078431374,0.005811052287266912,41,57
22:03:12,73.0,753.5,5.0,16.470588235294116,52.15686274509804,0.006156809081264525,41,65
22:03:12,74.0,751.5,3.0,16.07843137254902,52.549019607843135,0.0062349359118297,41,66
22:03:13,75.0,752.0,1.0,15.686274509803921,51.76470588235294,0.006144552659735796,41,65
22:03:14,75.0,745.0,0.0,15.686274509803921,59.6078431372549,0.006274659288271527,41,67
22:03:14,76.0,1049.25,0.0,17.254901960784313,67.84313725490196,0.009628550472803359,41,73
22:03:15,77.0,1391.0,3.0,19.215686274509803,54.509803921568626,0.010841213389544486,41,62
22:03:16,78.0,1209.0,5.0,18.03921568627451,51.76470588235294,0.009118777617373867,41,60
22:03:16,78.0,945.75,6.0,16.470588235294116,63.13725490196079,0.008322110218006527,41,70
22:03:17,79.0,1019.25,8.0,18.431372549019606,45.09803921568628,0.007303224468306781,41,57
22:03:18,80.0,1018.75,8.0,14.901960784313726,36.470588235294116,0.005634811231028172,41,44
22:03:18,80.0,1310.5,10.0,16.862745098039216,37.64705882352941,0.007413249421568519,41,45
22:03:19,81.0,1557.5,12.0,16.862745098039216,31.764705882352942,0.007831539089638708,41,40
22:03:20,82.0,1759.5,14.0,16.862745098039216,23.92156862745098,0.0072989818608545295,41,33
22:03:20,82.0,1299.25,15.0,14.901960784313726,22.745098039215687,0.005226389553624702,41,32
22:03:21,83.0,1224.0,16.0,14.901960784313726,24.313725490196077,0.005077552598855325,41,33
22:03:22,83.0,1197.5,17.0,14.901960784313726,23.92156862745098,0.004967621925759193,41,33
22:03:22,84.0,1186.5,18.0,14.901960784313726,24.705882352941178,0.0049219903256060805,41,33
22:03:23,85.0,1218.75,19.0,15.686274509803921,28.235294117647058,0.005975005495255054,41,39
22:03:24,86.0,1163.5,19.0,15.294117647058824,29.019607843137255,0.005704138579470159,41,39
22:03:24,86.0,1029.25,16.0,14.901960784313726,30.58823529411765,0.005175352557310203,41,40
22:03:25,87.0,932.25,13.0,14.901960784313726,33.333333333333336,0.005156370817301609,41,44
22:03:26,88.0,833.75,11.0,15.294117647058824,41.1764705882353,0.00534521398900963,41,51
22:03:26,88.0,813.5,9.0,15.686274509803921,46.27450980392157,0.005931228071692186,41,58
22:03:27,89.0,762.25,7.0,15.686274509803921,50.98039215686274,0.006036664723561118,41,63
22:03:28,90.0,742.75,4.0,16.07843137254902,52.94117647058823,0.006255708974984802,41,67
22:03:28,90.0,758.75,3.0,15.686274509803921,51.76470588235294,0.006199706556615074,41,65
22:03:29,91.0,751.25,3.0,15.686274509803921,50.98039215686274,0.006138424448971431,41,65
22:03:30,92.0,752.5,4.0,15.686274509803921,58.03921568627451,0.006243232566402993,41,66
22:03:30,92.0,1136.0,4.0,16.07843137254902,44.705882352941174,0.007568560281042815,41,53
22:03:31,93.0,1026.5,5.0,17.254901960784313,50.19607843137255,0.007613249079539871,41,59
22:03:32,94.0,1148.0,5.0,17.647058823529413,61.96078431372549,0.009813182463780998,41,68
22:03:32,94.0,1489.0,7.0,19.215686274509803,54.509803921568626,0.011417830882388352,41,61
22:03:33,95.0,1503.0,9.0,19.215686274509803,56.07843137254902,0.011525184564291264,41,61
22:03:34,96.0,1726.25,11.0,20.0,55.294117647058826,0.013454093899138151,41,62
22:03:35,96.0,1879.75,13.0,20.392156862745097,52.94117647058823,0.0144141488255,41,61
22:03:35,97.0,1580.75,14.0,20.0,53.333333333333336,0.011922669742484484,41,60
22:03:36,98.0,1462.5,15.0,18.823529411764707,53.333333333333336,0.011030779375855485,41,60
22:03:37,98.0,1468.5,15.0,18.823529411764707,50.588235294117645,0.010706832726834635,41,58
22:03:37,99.0,1468.75,16.0,18.03921568627451,46.27450980392157,0.009785495521814819,41,53
22:03:38,100.0,1389.75,16.0,18.03921568627451,46.27450980392157,0.009259160783960609,41,53
22:03:39,101.0,1455.75,16.0,17.647058823529413,34.11764705882353,0.008234901064821344,41,45
22:03:39,101.0,1203.75,15.0,15.294117647058824,29.80392156862745,0.006052786631879676,41,40
22:03:40,102.0,1078.75,14.0,15.294117647058824,30.980392156862745,0.0055598584993717184,41,41
22:03:41,102.0,1063.0,13.0,15.294117647058824,37.64705882352941,0.006013188962325324,41,45
22:03:41,103.0,1119.75,12.0,16.862745098039216,41.568627450980394,0.007038014362458221,41,50
22:03:42,104.0,1126.5,12.0,16.862745098039216,40.3921568627451,0.007222049245720358,41,51
22:03:43,105.0,945.0,11.0,15.686274509803921,40.0,0.006058443441816012,41,51
22:03:43,105.0,856.25,9.0,15.294117647058824,41.1764705882353,0.005597099164785931,41,52
22:03:44,106.0,777.5,5.0,15.686274509803921,48.627450980392155,0.005864226300668471,41,60
22:03:45,106.0,755.75,3.0,16.07843137254902,52.15686274509804,0.0061751937135576165,41,65
22:03:45,107.0,860.25,3.0,15.686274509803921,58.8235294117647,0.007786033196373072,41,72
22:03:46,108.0,1289.25,5.0,18.03921568627451,49.411764705882355,0.009561988675885804,41,59
22:03:47,109.0,1246.75,7.0,17.647058823529413,48.23529411764706,0.009090053593586027,41,58
22:03:47,109.0,1288.5,8.0,17.647058823529413,48.627450980392155,0.009394452821604648,41,58
22:03:48,110.0,1198.0,9.0,18.03921568627451,37.254901960784316,0.007228648857312749,41,48
22:03:49,111.0,983.25,7.0,14.901960784313726,36.07843137254902,0.005809260964120405,41,47
22:03:49,111.0,847.0,5.0,15.294117647058824,42.745098039215684,0.005536634151910871,41,52
22:03:50,112.0,797.25,4.0,15.686274509803921,49.01960784313726,0.006013188962325324,41,60
22:03:51,113.0,966.25,4.0,17.647058823529413,61.1764705882353,0.008623963881553797,41,71
22:03:52,113.0,1356.0,8.0,16.862745098039216,41.96078431372549,0.00852292697074646,41,50
22:03:52,114.0,1229.5,8.0,16.862745098039216,43.13725490196079,0.007882387525621997,41,51
22:03:53,115.0,1176.75,8.0,17.254901960784313,38.8235294117647,0.0073962789917595105,41,50
22:03:53,115.0,1008.0,7.0,15.294117647058824,36.86274509803921,0.006082202043548624,41,48
22:03:54,116.0,931.0,6.0,15.294117647058824,38.431372549019606,0.005734622499682636,41,49
22:03:55,117.0,855.75,5.0,15.294117647058824,41.568627450980394,0.0057014044546675954,41,53
22:03:55,117.0,815.5,5.0,15.686274509803921,47.450980392156865,0.005945810070639186,41,58
22:03:56,118.0,817.75,4.0,15.686274509803921,50.19607843137255,0.006270605241150486,41,61
22:03:57,119.0,775.5,4.0,15.294117647058824,49.01960784313726,0.005946627165407768,41,61
22:03:58,119.0,754.5,4.0,15.294117647058824,49.411764705882355,0.0058804424891526355,41,62
22:03:58,120.0,832.5,4.0,16.470588235294116,53.72549019607843,0.006697662964621997,41,64
22:03:59,121.0,1166.25,5.0,20.0,56.470588235294116,0.009675973396102978,41,66
22:04:00,122.0,1328.0,8.0,18.03921568627451,49.80392156862745,0.009849386047373548,41,59
22:04:00,122.0,1443.5,9.0,18.431372549019606,49.80392156862745,0.010706015632066053,41,59
22:04:01,123.0,1687.25,11.0,18.823529411764707,38.03921568627451,0.011453343078099794,41,54
22:04:02,124.0,1789.75,12.0,18.431372549019606,40.3921568627451,0.012824082405839649,41,57
22:04:03,124.0,1582.25,13.0,19.215686274509803,52.549019607843135,0.012331782807769061,41,62
22:04:03,125.0,1659.5,15.0,19.607843137254903,47.05882352941177,0.012516634785799778,41,60
22:04:04,126.0,1691.25,17.0,19.607843137254903,45.09803921568628,0.01275610640643801,41,60
22:04:05,127.0,1691.5,18.0,18.823529411764707,37.64705882352941,0.011056926408450105,41,52
22:04:05,127.0,1641.5,19.0,17.647058823529413,36.07843137254902,0.01031739278943976,41,50
22:04:06,128.0,1664.0,20.0,18.03921568627451,34.90196078431372,0.0102496367770912,41,49
22:04:07,129.0,1795.5,20.0,17.254901960784313,30.58823529411765,0.009931095524231739,41,44
22:04:08,129.0,1680.0,20.0,15.686274509803921,24.313725490196077,0.006969189841566132,41,33
22:04:08,130.0,1382.5,19.0,14.509803921568627,19.607843137254903,0.004692323842190833,41,27
22:04:09,131.0,1275.75,18.0,14.901960784313726,22.352941176470587,0.004971487412549022,41,31
22:04:10,131.0,1146.0,17.0,14.509803921568627,22.745098039215687,0.004494476454064393,39,31
22:04:10,132.0,1053.25,14.0,14.509803921568627,25.098039215686274,0.004501626493892568,41,34
22:04:11,133.0,935.5,11.0,14.509803921568627,30.58823529411765,0.004734090776082013,39,40
22:04:12,134.0,785.5,8.0,15.686274509803921,54.11764705882353,0.006459402453228416,39,65
22:04:12,134.0,1037.0,7.0,16.862745098039216,51.76470588235294,0.008342914707883496,41,64
22:04:13,135.0,954.5,7.0,15.686274509803921,49.01960784313726,0.006839271773361611,41,57
22:04:14,136.0,1289.0,8.0,17.647058823529413,44.705882352941174,0.008911989787478912,41,55
22:04:15,136.0,1416.5,10.0,18.03921568627451,49.80392156862745,0.010683828366426867,41,60
22:04:15,137.0,1749.25,12.0,20.0,53.72549019607843,0.014732815785246938,41,67
22:04:16,138.0,2041.5,15.0,21.96078431372549,57.254901960784316,0.017707512143713036,41,69
22:04:17,138.0,1734.5,17.0,21.176470588235293,54.11764705882353,0.014608585953700622,41,67
22:04:17,139.0,1811.0,20.0,20.392156862745097,49.80392156862745,0.014797586259017986,41,65
22:04:18,140.0,1951.0,22.0,20.392156862745097,47.05882352941177,0.015451010660108549,41,63
22:04:19,141.0,2062.25,24.0,21.176470588235293,52.94117647058823,0.01685053686507998,41,65
22:04:19,141.0,1676.25,25.0,20.784313725490197,56.07843137254902,0.014117983398610937,41,67
22:04:20,142.0,1398.75,26.0,18.431372549019606,31.764705882352942,0.007736630389595735,41,44
22:04:21,143.0,1239.75,26.0,14.901960784313726,27.058823529411764,0.00576626920860425,41,37
22:04:22,143.0,1123.75,26.0,14.901960784313726,28.235294117647058,0.005367998362364317,41,38
22:04:22,144.0,1031.25,26.0,14.901960784313726,30.58823529411765,0.0051854091083081335,41,40
22:04:23,145.0,992.5,26.0,14.901960784313726,31.764705882352942,0.005273665793719367,39,42
22:04:24,145.0,989.75,26.0,14.901960784313726,32.15686274509804,0.005259053621494955,39,42
22:04:24,146.0,996.5,26.0,14.901960784313726,32.549019607843135,0.005420989382942977,39,43
22:04:25,147.0,955.5,26.0,14.509803921568627,31.372549019607842,0.005077065658336377,39,42
22:04:26,147.0,959.5,25.0,14.901960784313726,31.372549019607842,0.00509831972702643,39,42
22:04:26,148.0,1039.25,26.0,14.509803921568627,28.235294117647058,0.004996161033769183,39,38
22:04:27,149.0,1020.5,25.0,14.509803921568627,26.666666666666668,0.004647809378185488,39,36
22:04:28,149.0,1003.75,25.0,14.509803921568627,26.666666666666668,0.004571522453065835,39,36
22:04:28,150.0,993.0,25.0,14.509803921568627,27.058823529411764,0.004522562187690534,39,36
22:04:29,151.0,998.75,25.0,14.509803921568627,27.45098039215686,0.004548750236612206,39,36
22:04:30,152.0,971.25,24.0,14.509803921568627,27.84313725490196,0.00454637813073162,39,37
22:04:31,152.0,955.0,22.0,14.509803921568627,28.235294117647058,0.004470312602160821,39,37
22:04:31,153.0,940.75,20.0,14.509803921568627,28.627450980392158,0.004522625443847349,39,38
22:04:32,154.0,882.25,18.0,14.509803921568627,30.19607843137255,0.004464619548047414,39,40
22:04:33,154.0,831.25,15.0,14.509803921568627,32.94117647058823,0.004522024510357601,39,43
22:04:33,155.0,796.75,12.0,14.509803921568627,35.68627450980392,0.0047375382366284646,39,47
22:04:34,156.0,768.25,10.0,14.901960784313726,38.8235294117647,0.004828715815100271,41,50
22:04:35,157.0,755.25,7.0,14.901960784313726,41.1764705882353,0.0050318267185366075,41,53
22:04:35,157.0,752.5,4.0,14.901960784313726,41.96078431372549,0.0051080993725115395,41,54
22:04:36,158.0,736.5,2.0,15.294117647058824,49.411764705882355,0.005554987357482095,41,60
22:04:37,159.0,822.0,0.0,18.03921568627451,49.411764705882355,0.006303194751728156,41,61
22:04:37,159.0,734.5,0.0,14.509803921568627,50.98039215686274,0.005816897657534458,41,63
22:04:38,160.0,775.5,0.0,14.901960784313726,47.450980392156865,0.005946627165407768,41,61
22:04:39,161.0,706.25,0.0,15.294117647058824,52.15686274509804,0.005859512292388192,41,66
22:04:39,161.0,814.75,0.0,17.647058823529413,52.15686274509804,0.006862119000160035,41,67
22:04:40,162.0,731.5,0.0,15.686274509803921,50.588235294117645,0.005885093643989178,41,64
22:04:41,163.0,705.5,0.0,15.294117647058824,49.80392156862745,0.005587231174119212,41,63
22:04:41,163.0,692.5,0.0,14.901960784313726,48.23529411764706,0.005310173194126214,41,61
22:04:42,164.0,690.5,0.0,15.294117647058824,48.23529411764706,0.005381637559655261,41,62
22:04:43,165.0,692.75,0.0,14.901960784313726,48.23529411764706,0.005312090224160194,41,61
22:04:44,165.0,701.25,0.0,14.901960784313726,47.84313725490196,0.005377269245315534,41,61
22:04:44,166.0,700.75,0.0,14.901960784313726,47.84313725490196,0.0053734351852475735,41,61
22:04:45,167.0,697.0,0.0,15.294117647058824,48.627450980392155,0.005344679734737865,41,61
22:04:46,168.0,714.75,0.0,15.294117647058824,48.627450980392155,0.005480788867150485,41,61
22:04:46,168.0,693.25,0.0,14.901960784313726,47.84313725490196,0.005228777984486711,41,60
22:04:47,169.0,701.0,0.0,15.294117647058824,47.84313725490196,0.005375352215281554,41,61
22:04:48,170.0,708.0,0.0,14.901960784313726,47.84313725490196,0.005340028579901322,41,60
22:04:48,170.0,697.0,0.0,14.901960784313726,47.84313725490196,0.005257062034168392,41,60
22:04:49,171.0,701.0,0.0,15.294117647058824,48.23529411764706,0.005375352215281554,41,61
22:04:50,172.0,697.0,0.0,14.901960784313726,47.450980392156865,0.005257062034168392,41,60
22:04:50,172.0,693.0,1.0,15.294117647058824,48.23529411764706,0.005314007254194176,41,61
22:04:51,173.0,687.0,1.0,14.901960784313726,47.84313725490196,0.005267998533378642,41,61
22:04:52,174.0,716.75,2.0,15.294117647058824,50.588235294117645,0.005676325930616505,41,63
22:04:52,174.0,760.0,3.0,15.686274509803921,53.72549019607843,0.006018845772261659,41,63
22:04:53,175.0,832.75,4.0,15.686274509803921,55.68627450980392,0.006909039095909757,41,66
22:04:54,176.0,1231.5,6.0,17.254901960784313,47.05882352941177,0.008669249787766354,41,56
22:04:54,176.0,1285.0,7.0,17.647058823529413,47.05882352941177,0.009045867622638867,41,56
22:04:55,177.0,1455.75,9.0,18.03921568627451,42.745098039215684,0.009881881277785614,41,54
22:04:56,178.0,1648.75,11.0,18.823529411764707,39.6078431372549,0.011399257689764047,41,55
22:04:57,178.0,1769.25,13.0,18.823529411764707,45.88235294117647,0.01267719390782612,41,57
22:04:57,179.0,1394.75,15.0,18.03921568627451,47.84313725490196,0.009993791834359464,41,57
22:04:58,180.0,1606.25,16.0,18.431372549019606,38.8235294117647,0.010499667776277258,41,52
22:04:58,180.0,1646.5,18.0,17.647058823529413,34.509803921568626,0.00952091395040363,41,46
22:04:59,181.0,1414.75,18.0,15.294117647058824,24.705882352941178,0.00604668984783718,41,34
22:05:00,182.0,1193.0,18.0,13.72549019607843,22.352941176470587,0.004649017819455993,41,31
22:05:00,182.0,1137.25,16.0,14.117647058823529,22.745098039215687,0.004431764891178817,41,31
22:05:01,183.0,1019.25,14.0,14.117647058823529,24.705882352941178,0.004228182586914452,41,33
22:05:02,184.0,918.5,10.0,14.117647058823529,27.058823529411764,0.004183256162531476,39,36
22:05:02,184.0,803.75,9.0,14.509803921568627,32.549019607843135,0.004243550253908166,41,42
22:05:03,185.0,803.0,9.0,14.509803921568627,38.03921568627451,0.004673111840911741,39,46
22:05:04,186.0,1190.25,9.0,15.686274509803921,34.509803921568626,0.006433772781091915,41,43
22:05:04,186.0,1424.5,10.0,16.470588235294116,33.333333333333336,0.007699986831897025,41,43
22:05:05,187.0,1591.75,11.0,17.254901960784313,31.764705882352942,0.008804133278026103,41,44
22:05:06,188.0,1866.75,13.0,18.03921568627451,34.11764705882353,0.011733166609617221,41,50
22:05:06,188.0,1566.25,15.0,18.431372549019606,42.35294117647059,0.010238197450331053,41,52
22:05:07,189.0,1624.0,17.0,19.607843137254903,47.05882352941177,0.012453027100737866,41,61
22:05:08,190.0,1833.25,19.0,20.0,44.31372549019608,0.014057581239179611,41,61
22:05:09,190.0,1903.25,22.0,20.0,43.529411764705884,0.014594349648694176,41,61
22:05:09,191.0,1822.25,24.0,20.0,57.254901960784316,0.01580578692328243,41,69
22:05:10,192.0,1617.0,26.0,21.176470588235293,61.96078431372549,0.01422876259319752,41,70
22:05:11,193.0,1631.0,28.0,20.392156862745097,54.11764705882353,0.01332681567557059,41,65
22:05:11,193.0,1687.75,29.0,20.0,48.627450980392155,0.013154031558737388,41,62
22:05:12,194.0,1723.0,31.0,19.215686274509803,43.529411764705884,0.012778985059958302,41,59
22:05:12,194.0,1748.5,32.0,19.215686274509803,42.745098039215684,0.012748312579414611,41,58
22:05:13,195.0,1440.75,32.0,17.254901960784313,38.8235294117647,0.009055609906418113,41,50
22:05:14,196.0,1446.75,33.0,16.862745098039216,34.509803921568626,0.008183989775394319,41,45
22:05:15,196.0,1399.0,33.0,15.686274509803921,31.372549019607842,0.0070345574230526835,41,40
22:05:15,197.0,1393.0,33.0,16.470588235294116,38.8235294117647,0.00858037501832214,41,49
22:05:16,198.0,1429.25,34.0,17.647058823529413,42.745098039215684,0.009342661583965304,41,52
22:05:17,198.0,1437.75,34.0,17.647058823529413,42.35294117647059,0.009398224028228873,41,52
22:05:17,199.0,1464.5,35.0,17.647058823529413,34.90196078431372,0.008468495888470158,41,46
22:05:18,200.0,1344.5,35.0,15.686274509803921,26.666666666666668,0.006084464767523158,41,36
22:05:19,200.0,1370.75,34.0,14.117647058823529,20.392156862745097,0.004824756048144836,41,28
22:05:19,201.0,1426.25,34.0,15.686274509803921,30.980392156862745,0.006992288482139505,41,39
22:05:20,202.0,1447.0,34.0,16.470588235294116,33.333333333333336,0.007871722666451067,39,43
22:05:21,202.0,1429.5,34.0,15.686274509803921,28.235294117647058,0.007053124741099953,39,39
22:05:21,203.0,1406.25,34.0,14.901960784313726,22.352941176470587,0.00498142234923114,39,28
22:05:22,204.0,1406.75,34.0,15.686274509803921,28.235294117647058,0.0062289919020274715,39,35
22:05:23,204.0,1494.75,34.0,15.686274509803921,29.019607843137255,0.006996858389612446,39,37
22:05:23,205.0,1498.25,34.0,15.686274509803921,28.235294117647058,0.0067802523896925045,41,36
22:05:24,206.0,1471.75,35.0,15.686274509803921,29.41176470588235,0.006845337130682239,41,37
22:05:25,207.0,1504.5,35.0,16.862745098039216,34.509803921568626,0.008510670549217732,41,45
22:05:25,207.0,1482.75,34.0,17.647058823529413,42.745098039215684,0.009878770032320629,41,53
22:05:26,208.0,1482.75,35.0,19.607843137254903,58.8235294117647,0.012301864568550216,41,66
22:05:27,208.0,1474.0,35.0,20.0,59.6078431372549,0.012414560793170779,41,67
22:05:27,209.0,1512.25,36.0,18.03921568627451,44.705882352941174,0.010455513232051968,41,55
22:05:28,210.0,1548.75,36.0,18.03921568627451,41.96078431372549,0.010318492724705159,41,53
22:05:29,211.0,1556.5,37.0,18.823529411764707,44.31372549019608,0.010761452369442146,41,55
22:05:29,211.0,1571.25,37.0,17.647058823529413,35.294117647058826,0.00948081345329938,41,48
22:05:30,212.0,1545.75,37.0,16.862745098039216,33.72549019607843,0.008744013959091596,41,45
22:05:31,213.0,1541.75,36.0,16.862745098039216,34.11764705882353,0.008721386719346254,41,45
22:05:31,213.0,1527.25,36.0,16.862745098039216,34.11764705882353,0.008639362975269379,41,45
22:05:32,214.0,1504.5,36.0,16.862745098039216,36.86274509803921,0.009078048585832247,41,48
22:05:33,215.0,1492.0,36.0,18.431372549019606,43.529411764705884,0.010127952510016235,41,54
22:05:33,215.0,1491.25,36.0,18.823529411764707,42.745098039215684,0.00974794058918192,41,52
22:05:34,216.0,1499.0,35.0,19.607843137254903,56.86274509803921,0.012059815956718765,41,64
22:05:35,217.0,1493.0,35.0,18.431372549019606,44.705882352941174,0.010322421064938725,41,55
22:05:35,217.0,1471.25,35.0,18.03921568627451,41.96078431372549,0.009617205426208818,41,52
22:05:36,218.0,1462.75,35.0,17.254901960784313,38.8235294117647,0.00901000973298687,41,49
22:05:37,219.0,1435.25,34.0,15.686274509803921,30.58823529411765,0.007036411599642927,41,39
22:05:37,219.0,1223.0,33.0,14.509803921568627,24.313725490196077,0.00476592522480694,41,31
22:05:38,220.0,1152.5,31.0,14.509803921568627,23.529411764705884,0.004346315634418272,41,30
22:05:39,221.0,1062.75,30.0,14.509803921568627,25.49019607843137,0.004275039829220437,41,32
22:05:40,221.0,1060.0,28.0,14.509803921568627,25.88235294117647,0.004397226923845298,41,33
22:05:40,222.0,1061.5,28.0,16.470588235294116,37.254901960784316,0.005908884120461959,39,44
22:05:41,223.0,1522.0,26.0,17.647058823529413,36.86274509803921,0.00962758706733942,39,50
22:05:41,223.0,1617.25,27.0,18.03921568627451,36.86274509803921,0.009820897882567998,39,48
22:05:42,224.0,1255.0,27.0,15.294117647058824,25.88235294117647,0.0055570533762534045,39,35
22:05:43,225.0,1088.5,27.0,14.901960784313726,26.666666666666668,0.004925950092561516,41,36
22:05:43,225.0,1061.5,25.0,14.117647058823529,25.098039215686274,0.0045368872758290634,41,34
22:05:44,226.0,979.25,22.0,14.117647058823529,25.49019607843137,0.004212164226196221,39,34
22:05:45,227.0,910.25,19.0,14.117647058823529,27.84313725490196,0.0041456820053829896,39,36
22:05:46,227.0,821.75,14.0,14.509803921568627,31.372549019607842,0.004262421242786241,39,41
22:05:46,228.0,758.5,11.0,14.509803921568627,35.68627450980392,0.004510100724797854,39,47
22:05:47,229.0,750.25,10.0,14.509803921568627,38.03921568627451,0.0046508773017910465,39,49
22:05:47,229.0,1161.25,10.0,16.862745098039216,44.31372549019608,0.008028741769363761,41,55
22:05:48,230.0,1189.0,13.0,18.03921568627451,43.92156862745098,0.007772205438750916,41,52
22:05:49,231.0,1309.0,15.0,17.254901960784313,43.529411764705884,0.008556616416589528,41,52
22:05:49,231.0,1365.75,16.0,17.647058823529413,48.23529411764706,0.009957682530932517,41,58
22:05:50,232.0,1433.75,19.0,17.647058823529413,44.705882352941174,0.009732541495466339,41,54
22:05:51,233.0,1434.25,20.0,17.647058823529413,43.529411764705884,0.00955564047806836,41,53
22:05:51,233.0,1462.25,22.0,17.647058823529413,40.78431372549019,0.009434624160973331,39,51
22:05:52,234.0,1471.75,23.0,17.254901960784313,36.86274509803921,0.008880437358722905,41,48
22:05:53,235.0,1516.0,25.0,17.254901960784313,34.509803921568626,0.008822462703390037,39,46
22:05:54,235.0,1521.75,26.0,17.254901960784313,34.509803921568626,0.008855925210345509,39,46
22:05:54,236.0,1514.0,27.0,16.470588235294116,32.549019607843135,0.008236204642022746,39,43
22:05:55,237.0,1567.25,28.0,16.470588235294116,31.372549019607842,0.008327609788621336,39,42
22:05:55,237.0,1642.75,29.0,16.07843137254902,27.84313725490196,0.007481811715839501,39,36
22:05:56,238.0,1553.5,30.0,15.294117647058824,27.45098039215686,0.006878790772916067,39,35
22:05:57,239.0,1252.5,30.0,15.294117647058824,26.666666666666668,0.00570444022163383,39,36
22:05:57,239.0,1168.0,30.0,15.294117647058824,27.45098039215686,0.005467356145888836,39,37
22:05:58,240.0,1069.75,30.0,14.901960784313726,28.627450980392158,0.00514278880526782,39,38
22:05:59,241.0,1056.0,31.0,14.901960784313726,29.41176470588235,0.005210283124590102,39,39
22:05:59,241.0,927.5,32.0,14.509803921568627,30.980392156862745,0.004693606835720007,39,40
22:06:00,242.0,881.5,33.0,14.901960784313726,32.94117647058823,0.004795385992036361,39,43
22:06:01,243.0,868.0,32.0,14.901960784313726,34.90196078431372,0.004941570970437291,39,45
22:06:01,243.0,855.25,33.0,14.901960784313726,36.07843137254902,0.005053008329075999,41,47
22:06:02,244.0,855.0,32.0,14.901960784313726,36.470588235294116,0.005051531273148178,41,47
22:06:03,244.0,850.5,32.0,14.901960784313726,36.470588235294116,0.005024944266447398,41,47
22:06:03,245.0,839.0,32.0,14.901960784313726,36.470588235294116,0.004956999693767628,41,47
22:06:04,246.0,847.25,32.0,14.901960784313726,36.470588235294116,0.005005742539385724,41,47
22:06:05,246.0,826.5,31.0,14.901960784313726,36.86274509803921,0.004987043639873946,41,48
22:06:05,247.0,819.0,29.0,14.901960784313726,37.254901960784316,0.004941789160383256,41,48
22:06:06,248.0,908.0,28.0,14.509803921568627,32.94117647058823,0.005022241568366705,41,44
22:06:07,248.0,955.0,29.0,14.117647058823529,29.019607843137255,0.004681953023974217,41,39
22:06:07,249.0,892.25,28.0,14.117647058823529,28.235294117647058,0.0042621548732543375,41,38
22:06:08,250.0,862.5,26.0,14.117647058823529,29.41176470588235,0.004228465427411269,41,39
22:06:09,250.0,881.0,24.0,14.117647058823529,29.41176470588235,0.004319162946723859,41,39
22:06:09,251.0,895.0,23.0,14.117647058823529,28.627450980392158,0.004275291242995385,41,38
22:06:10,252.0,884.75,22.0,14.117647058823529,28.627450980392158,0.0043375475790169505,41,39
22:06:11,252.0,862.5,20.0,14.117647058823529,29.41176470588235,0.004228465427411269,41,39
22:06:11,253.0,849.5,19.0,14.117647058823529,29.80392156862745,0.004271520036371161,41,40
22:06:12,254.0,827.5,17.0,14.117647058823529,30.980392156862745,0.004264920424778769,41,41
22:06:13,254.0,819.5,16.0,14.117647058823529,31.764705882352942,0.00435442732287458,39,42
22:06:13,255.0,795.75,14.0,14.117647058823529,32.94117647058823,0.0043013439954244,41,43
22:06:14,256.0,780.25,12.0,14.509803921568627,34.509803921568626,0.004511808751777973,41,46
22:06:14,256.0,740.0,10.0,14.509803921568627,37.254901960784316,0.004465108643081331,41,48
22:06:15,257.0,741.5,7.0,14.901960784313726,40.3921568627451,0.004847006167227758,41,52
22:06:16,258.0,759.25,5.0,14.509803921568627,40.0,0.004867590670051648,41,51
22:06:16,258.0,743.75,3.0,14.901960784313726,40.3921568627451,0.004861713873062232,41,52
22:06:17,259.0,713.5,1.0,14.509803921568627,40.3921568627451,0.004663976939065415,41,52
22:06:18,260.0,706.0,0.0,14.901960784313726,44.31372549019608,0.004969947503177464,41,56
22:06:18,260.0,717.5,0.0,16.862745098039216,53.333333333333336,0.005952849656337737,41,66
22:06:19,261.0,752.25,0.0,14.117647058823529,56.07843137254902,0.006713973433271766,41,71
22:06:20,262.0,861.0,0.0,14.509803921568627,41.96078431372549,0.0058446160262225055,41,54
22:06:20,262.0,713.0,0.0,19.607843137254903,54.90196078431372,0.006184401743065096,41,69
22:06:21,263.0,766.75,0.0,14.509803921568627,58.03921568627451,0.006747002917955595,41,70
22:06:22,264.0,732.0,0.0,14.901960784313726,50.19607843137255,0.00588911626438835,41,64
22:06:22,264.0,689.0,0.0,14.901960784313726,49.01960784313726,0.005456558864589846,41,63
22:06:23,265.0,681.5,0.0,14.901960784313726,48.23529411764706,0.005225823872631068,41,61
22:06:24,266.0,691.25,2.0,14.901960784313726,48.23529411764706,0.005300588043956311,41,61
22:06:24,266.0,702.75,4.0,14.901960784313726,48.23529411764706,0.005300430910346969,41,60
22:06:25,267.0,749.25,5.0,14.901960784313726,49.411764705882355,0.005556967240959812,41,59
22:06:26,268.0,1258.75,8.0,17.254901960784313,45.88235294117647,0.008702844953443818,41,55
22:06:27,268.0,1641.0,12.0,19.607843137254903,45.88235294117647,0.012583385143048546,41,61
22:06:27,269.0,1991.5,14.0,20.392156862745097,50.19607843137255,0.016022097049903553,41,64
22:06:28,270.0,1666.0,17.0,20.0,51.372549019607845,0.013403371170042339,41,64
22:06:28,270.0,1836.5,21.0,20.392156862745097,47.05882352941177,0.014544224027313866,41,63
22:06:29,271.0,2033.0,23.0,20.392156862745097,46.666666666666664,0.01584485033856502,41,62
22:06:30,272.0,1656.25,25.0,20.784313725490197,56.07843137254902,0.013949536169395593,41,67
22:06:30,272.0,1758.5,27.0,20.392156862745097,49.80392156862745,0.014368611505512496,41,65
22:06:31,273.0,1759.75,30.0,18.823529411764707,41.568627450980394,0.012609123628258874,41,57
22:06:32,274.0,1809.0,31.0,18.823529411764707,41.1764705882353,0.012962014288120645,41,57
22:06:32,274.0,1705.75,32.0,18.823529411764707,43.92156862745098,0.011868910843709356,39,55
22:06:33,275.0,1506.0,34.0,18.03921568627451,40.3921568627451,0.009907432305091784,39,52
22:06:34,276.0,1582.75,35.0,18.03921568627451,39.6078431372549,0.01041234294879417,39,52
22:06:34,276.0,1661.75,36.0,18.431372549019606,36.470588235294116,0.010511591858837899,39,50
22:06:35,277.0,1621.75,38.0,16.862745098039216,32.94117647058823,0.009232710508417829,39,45
22:06:36,278.0,1629.0,39.0,16.862745098039216,32.15686274509804,0.009067896591834696,39,44
22:06:36,278.0,1637.5,39.0,16.470588235294116,29.80392156862745,0.008286556542847991,39,40
22:06:37,279.0,1671.0,40.0,16.07843137254902,26.274509803921568,0.0073990726627246525,39,35
22:06:38,280.0,1683.0,40.0,15.686274509803921,25.88235294117647,0.007239287610608362,39,34
22:06:38,280.0,1678.0,40.0,15.686274509803921,26.274509803921568,0.007430068179564313,39,35
22:06:39,281.0,1666.75,40.0,16.862745098039216,30.980392156862745,0.008856304747286402,39,42
22:06:40,282.0,1663.5,39.0,16.862745098039216,31.372549019607842,0.009049489050201347,39,43
22:06:40,282.0,1643.25,39.0,16.862745098039216,32.549019607843135,0.0091472198124815,39,44
22:06:41,283.0,1632.25,39.0,17.254901960784313,32.94117647058823,0.009233328018584673,41,45
22:06:42,284.0,1619.0,39.0,17.254901960784313,32.94117647058823,0.00915837528692822,41,45
22:06:42,284.0,1597.5,38.0,17.254901960784313,33.333333333333336,0.009036753873296992,41,45
22:06:43,285.0,1592.0,38.0,17.647058823529413,45.490196078431374,0.011207020432094223,41,56
22:06:44,286.0,1595.0,38.0,19.607843137254903,50.588235294117645,0.012230651616796118,41,61
22:06:44,286.0,1601.75,38.0,19.607843137254903,54.11764705882353,0.01268511344173699,41,63
22:06:45,287.0,1606.0,39.0,20.0,54.509803921568626,0.012920656722141653,41,64
22:06:46,288.0,1615.75,39.0,19.607843137254903,49.411764705882355,0.012186654206180172,41,60
22:06:46,288.0,1619.5,39.0,19.215686274509803,47.84313725490196,0.012011355951597486,41,59
22:06:47,289.0,1622.0,39.0,19.215686274509803,48.23529411764706,0.012029897717499922,41,59
22:06:48,290.0,1619.25,39.0,19.215686274509803,46.666666666666664,0.011805950897464747,41,58
22:06:48,290.0,1607.0,38.0,19.215686274509803,55.294117647058826,0.012928701962939998,41,64
22:06:49,291.0,1620.5,38.0,21.96078431372549,65.88235294117646,0.015074392825236036,41,74
22:06:50,292.0,1631.25,39.0,21.568627450980394,63.92156862745098,0.01476427393383734,41,72
22:06:50,292.0,1629.75,39.0,20.784313725490197,60.0,0.014136085190407212,41,69
22:06:51,293.0,1612.75,39.0,20.784313725490197,59.21568627450981,0.013785897228626135,41,68
22:06:52,294.0,1610.0,38.0,20.392156862745097,58.03921568627451,0.013560001951835111,41,67
22:06:52,294.0,1600.5,38.0,20.0,57.64705882352941,0.01327879564455547,41,66
22:06:53,295.0,1582.25,37.0,20.0,56.470588235294116,0.012928481975886918,41,65
22:06:54,296.0,1562.75,37.0,19.607843137254903,53.72549019607843,0.01217980318081283,41,62
22:06:54,296.0,1529.0,37.0,19.607843137254903,54.509803921568626,0.012108967349721153,41,63
22:06:55,297.0,1538.5,37.0,23.529411764705884,65.09803921568627,0.014118203385664014,41,73
22:06:56,298.0,1522.5,37.0,20.392156862745097,61.96078431372549,0.013205822796376733,41,69
22:06:56,298.0,1514.25,36.0,20.392156862745097,57.64705882352941,0.012182505878893524,41,64
22:06:57,299.0,1650.75,36.0,19.215686274509803,46.27450980392157,0.012243128025377926,41,59
22:06:58,300.0,1690.5,35.0,20.0,78.82352941176471,0.01860660875884815,39,87
22:06:59,300.0,2240.5,37.0,29.019607843137255,70.98039215686275,0.0226760670952683,39,80
22:06:59,301.0,2095.5,38.0,24.313725490196077,63.529411764705884,0.019352778384645365,39,73
22:07:00,302.0,2061.5,38.0,24.313725490196077,67.84313725490196,0.02008199536041599,39,77
22:07:01,302.0,2111.0,39.0,24.705882352941178,46.27450980392157,0.016558184632687493,39,62
22:07:01,303.0,1786.0,39.0,18.03921568627451,37.254901960784316,0.01174945159156303,39,52
22:07:02,304.0,1747.5,38.0,19.215686274509803,41.96078431372549,0.012601575280026431,39,57
22:07:03,304.0,1770.0,38.0,19.215686274509803,43.529411764705884,0.013211680912513216,39,59
22:07:03,305.0,1777.25,37.0,18.823529411764707,63.13725490196079,0.014614860611076006,39,65
22:07:04,306.0,2088.75,38.0,22.745098039215687,40.3921568627451,0.014798145325449305,39,56
22:07:05,306.0,1695.5,38.0,17.254901960784313,77.25490196078431,0.018661641615277752,39,87
22:07:05,307.0,1739.25,38.0,17.647058823529413,33.72549019607843,0.010561753991192697,39,48
22:07:06,308.0,1567.25,37.0,16.862745098039216,27.84313725490196,0.0073362276709283206,39,37
22:07:07,308.0,1206.75,36.0,13.72549019607843,20.392156862745097,0.004274724565286882,39,28
22:07:07,309.0,1147.25,35.0,14.509803921568627,22.745098039215687,0.004499378806217604,39,31
22:07:08,310.0,1110.5,33.0,14.117647058823529,21.96078431372549,0.004214757728625661,39,30
22:07:09,310.0,1027.25,29.0,13.72549019607843,22.745098039215687,0.004028752999509291,39,31
22:07:09,311.0,931.0,27.0,13.72549019607843,24.705882352941178,0.003886837811693417,39,33
22:07:10,312.0,923.0,25.0,13.72549019607843,25.49019607843137,0.003970209426376422,39,34
22:07:11,312.0,930.75,20.0,13.72549019607843,25.88235294117647,0.0041212967569305625,39,35
22:07:11,313.0,861.0,16.0,13.72549019607843,27.45098039215686,0.003921375673314752,39,36
22:07:12,314.0,783.75,12.0,14.117647058823529,30.19607843137255,0.003966161032340222,39,40
22:07:13,314.0,750.75,8.0,14.117647058823529,34.11764705882353,0.004179081256181644,39,44
22:07:13,315.0,761.25,8.0,14.509803921568627,36.86274509803921,0.004526452441334696,39,47
22:07:14,316.0,791.0,7.0,14.509803921568627,37.64705882352941,0.004703348283869615,39,47
22:07:14,316.0,1321.75,8.0,18.823529411764707,45.09803921568628,0.00902975312927487,39,54
22:07:15,317.0,1545.25,10.0,17.254901960784313,41.1764705882353,0.009774657631935768,39,50
22:07:16,318.0,1735.25,12.0,19.215686274509803,42.745098039215684,0.012732768549262056,39,58
22:07:16,318.0,1938.25,14.0,19.607843137254903,50.19607843137255,0.015203174497539806,39,62
22:07:17,319.0,1734.0,16.0,20.0,52.549019607843135,0.014259202869380106,39,65
22:07:18,320.0,1866.25,20.0,20.784313725490197,53.72549019607843,0.01558283795074724,39,66
22:07:18,320.0,1957.75,22.0,21.176470588235293,54.11764705882353,0.01634684581276646,39,66
22:07:19,321.0,2012.25,24.0,22.352941176470587,63.92156862745098,0.01832935702352523,39,72
22:07:20,322.0,1709.75,27.0,20.392156862745097,47.450980392156865,0.013410874550325648,39,62
22:07:20,322.0,1756.0,29.0,18.431372549019606,64.31372549019608,0.015995204837028355,39,72
22:07:21,323.0,1833.0,31.0,22.745098039215687,61.1764705882353,0.016464692032913984,39,71
22:07:22,324.0,1848.25,33.0,21.176470588235293,56.86274509803921,0.015666367705822283,39,67
22:07:22,324.0,1544.0,35.0,20.392156862745097,60.78431372549019,0.013478115845020663,39,69
22:07:23,325.0,1675.75,37.0,19.607843137254903,45.88235294117647,0.01250817756448815,39,59
22:07:24,325.0,1665.25,39.0,17.254901960784313,36.07843137254902,0.009901707622899969,39,47
22:07:24,326.0,1367.5,39.0,14.901960784313726,21.96078431372549,0.0053631732556134884,39,31
22:07:25,327.0,1562.5,39.0,14.509803921568627,21.176470588235293,0.005534913721367933,39,28
22:07:25,327.0,1604.5,39.0,16.07843137254902,24.313725490196077,0.006495648231083774,39,32
22:07:26,328.0,1472.75,39.0,14.901960784313726,19.607843137254903,0.00503066726731211,39,27
22:07:27,329.0,1546.25,39.0,14.509803921568627,20.392156862745097,0.005281730953713359,39,27
22:07:27,329.0,1598.75,38.0,15.294117647058824,21.568627450980394,0.005865585281121657,39,29
22:07:28,330.0,1579.5,38.0,15.686274509803921,21.568627450980394,0.0057949597820370026,39,29
22:07:29,331.0,1558.0,38.0,15.294117647058824,21.96078431372549,0.0057160793544879076,39,29
22:07:29,331.0,1538.75,37.0,15.294117647058824,21.96078431372549,0.005840124678003364,39,30
22:07:30,332.0,1508.25,37.0,15.294117647058824,22.352941176470587,0.005724365911030755,39,30
22:07:31,333.0,1491.25,36.0,15.294117647058824,21.176470588235293,0.005471183143376182,39,29
22:07:31,333.0,1496.25,36.0,14.901960784313726,20.392156862745097,0.005300233379581933,39,28
22:07:32,334.0,1466.75,35.0,14.901960784313726,20.784313725490197,0.005195734208522506,39,28
22:07:33,335.0,1457.0,35.0,14.901960784313726,20.784313725490197,0.00516119634690117,39,28
22:07:33,335.0,1444.75,35.0,14.901960784313726,20.784313725490197,0.005117802623325646,39,28
22:07:34,336.0,1440.0,35.0,14.901960784313726,20.784313725490197,0.005068501702957187,41,28
22:07:35,337.0,1433.25,35.0,14.901960784313726,20.784313725490197,0.005044743101224575,41,28
22:07:35,337.0,1429.25,35.0,14.901960784313726,20.784313725490197,0.005062896279209675,39,28
22:07:36,338.0,1431.0,34.0,14.901960784313726,20.784313725490197,0.005036823567313704,41,28
22:07:37,338.0,1421.0,34.0,14.901960784313726,20.784313725490197,0.005001625638820946,41,28
22:07:37,339.0,1417.25,34.0,14.901960784313726,20.784313725490197,0.004988426415636162,41,28
22:07:38,340.0,1415.75,34.0,14.901960784313726,20.392156862745097,0.004627207674479231,41,26
22:07:39,340.0,1497.75,35.0,15.686274509803921,30.58823529411765,0.0071545446471467464,41,38
22:07:39,341.0,1583.0,36.0,16.470588235294116,32.15686274509804,0.008556742123477002,41,43
22:07:40,342.0,1642.0,37.0,16.862745098039216,32.15686274509804,0.00908207120623142,41,44
22:07:41,342.0,1675.75,38.0,17.254901960784313,32.15686274509804,0.009479399250815297,41,45
22:07:41,343.0,1715.25,39.0,17.254901960784313,32.549019607843135,0.009918461982040588,41,46
22:07:42,344.0,1744.25,40.0,17.254901960784313,32.15686274509804,0.010086154969931085,41,46
22:07:42,344.0,1745.5,41.0,15.686274509803921,25.88235294117647,0.007679748023013689,41,35
22:07:43,345.0,1702.0,42.0,15.294117647058824,18.431372549019606,0.005348828062024511,41,25
22:07:44,346.0,1723.0,42.0,14.117647058823529,17.647058823529413,0.004981638243712558,41,23
22:07:44,346.0,1728.25,42.0,15.686274509803921,20.392156862745097,0.006083081991760943,41,28
22:07:45,347.0,1671.25,40.0,15.686274509803921,20.784313725490197,0.005882453799352221,41,28
22:07:46,348.0,1500.5,37.0,15.294117647058824,21.96078431372549,0.0056586955396482575,41,30
22:07:46,348.0,1379.5,37.0,14.901960784313726,22.352941176470587,0.005202379538117142,41,30
22:07:47,349.0,1435.0,36.0,15.294117647058824,23.137254901960784,0.005231292122236194,41,29
22:07:48,349.0,1508.0,36.0,15.686274509803921,27.45098039215686,0.006634809520884928,41,35
22:07:48,350.0,1531.0,36.0,15.686274509803921,28.627450980392158,0.006928460810024512,41,36
22:07:49,351.0,1566.25,37.0,15.686274509803921,27.84313725490196,0.007087982850229191,41,36
22:07:49,351.0,1532.5,38.0,15.686274509803921,22.352941176470587,0.0057793741516234285,41,30
22:07:50,352.0,1582.5,38.0,16.470588235294116,29.80392156862745,0.007758314827685024,41,39
22:07:51,353.0,1580.25,39.0,15.686274509803921,25.49019607843137,0.006754042503654146,41,34
22:07:52,353.0,1174.5,39.0,13.72549019607843,23.137254901960784,0.004576924919489575,41,31
22:07:52,354.0,1157.0,39.0,14.901960784313726,24.313725490196077,0.004799614670650008,41,33
22:07:53,355.0,1092.25,40.0,14.509803921568627,25.49019607843137,0.0046683138266832725,41,34
22:07:53,355.0,1072.25,40.0,14.509803921568627,26.274509803921568,0.004717622353295003,41,35
22:07:54,356.0,1154.25,40.0,14.509803921568627,23.92156862745098,0.00478820677061173,41,33
22:07:55,357.0,1316.5,40.0,14.117647058823529,20.0,0.004633807286071622,41,28
22:07:55,357.0,1290.0,40.0,14.117647058823529,19.215686274509803,0.004378370890724177,41,27
22:07:56,358.0,1257.25,40.0,14.117647058823529,19.215686274509803,0.004267214575475172,41,27
22:07:57,359.0,1241.25,41.0,14.117647058823529,19.215686274509803,0.004212909200086345,41,27
22:07:57,359.0,1242.5,41.0,14.117647058823529,19.607843137254903,0.0042171518075385965,41,27
22:07:58,360.0,1247.5,40.0,14.117647058823529,19.607843137254903,0.00439094157947159,41,28
22:07:59,361.0,1221.25,40.0,14.117647058823529,19.607843137254903,0.0042985470171781,41,28
22:07:59,361.0,1222.5,40.0,14.117647058823529,19.607843137254903,0.004302946758239695,41,28
22:08:00,362.0,1227.25,40.0,14.117647058823529,19.607843137254903,0.004319665774273755,41,28
22:08:01,363.0,1220.5,40.0,14.117647058823529,19.607843137254903,0.0042959071725411435,41,28
22:08:01,363.0,1223.75,40.0,14.117647058823529,19.607843137254903,0.00430734649930129,41,28
22:08:02,364.0,1213.75,40.0,14.117647058823529,20.0,0.0042721485708085314,41,28
22:08:03,365.0,1203.75,39.0,14.117647058823529,20.0,0.004236950642315773,41,28
22:08:03,365.0,1178.25,37.0,14.117647058823529,20.392156862745097,0.004147195924659239,41,28
22:08:04,366.0,1164.0,36.0,14.117647058823529,20.392156862745097,0.004243361693576954,41,29
22:08:05,366.0,1135.75,35.0,14.117647058823529,21.176470588235293,0.004140376326013768,41,29
22:08:05,367.0,1099.0,33.0,14.117647058823529,21.96078431372549,0.004144556080022283,41,30
22:08:06,368.0,1024.25,32.0,14.117647058823529,23.137254901960784,0.003991413664356916,41,31
22:08:07,368.0,1010.75,32.0,14.117647058823529,23.92156862745098,0.004065863568463474,41,32
22:08:07,369.0,994.25,31.0,14.117647058823529,25.098039215686274,0.004249458477619449,41,34
22:08:08,370.0,954.5,29.0,14.117647058823529,25.88235294117647,0.004199552843292218,41,35
22:08:08,370.0,921.25,27.0,14.117647058823529,26.666666666666668,0.004169068923079739,41,36
22:08:09,371.0,933.0,24.0,14.901960784313726,30.980392156862745,0.004808665566548146,41,41
22:08:10,372.0,1000.0,24.0,14.901960784313726,32.94117647058823,0.0054053961613878725,41,43
22:08:10,372.0,1090.5,23.0,15.294117647058824,31.764705882352942,0.0057575011532029294,41,42
22:08:11,373.0,984.5,21.0,15.294117647058824,33.333333333333336,0.005445370951604649,41,44
22:08:12,374.0,888.5,20.0,14.901960784313726,34.509803921568626,0.005026075628434665,41,45
22:08:12,374.0,812.5,20.0,14.901960784313726,36.86274509803921,0.004902568611491326,41,48
22:08:13,375.0,816.0,20.0,14.901960784313726,38.8235294117647,0.0051288410089447714,41,50
22:08:14,376.0,780.5,19.0,14.901960784313726,40.3921568627451,0.005003825509351744,41,51
22:08:14,376.0,818.25,20.0,14.901960784313726,40.0,0.005245842694461325,41,51
22:08:15,377.0,1139.75,19.0,16.470588235294116,43.92156862745098,0.007450270099929652,41,52
22:08:16,378.0,1291.5,20.0,18.03921568627451,47.84313725490196,0.009253975374852301,41,57
22:08:16,378.0,1293.0,20.0,17.254901960784313,39.6078431372549,0.008126950275202929,41,50
22:08:17,379.0,1214.25,21.0,15.686274509803921,47.05882352941177,0.008547816934466339,41,56
22:08:18,380.0,1284.75,21.0,17.647058823529413,45.490196078431374,0.008721103878849435,41,54
22:08:18,380.0,1070.0,22.0,15.294117647058824,34.11764705882353,0.006052786631879676,41,45
22:08:19,381.0,1225.75,22.0,15.686274509803921,43.529411764705884,0.007858346083392568,41,51
22:08:20,382.0,1312.25,20.0,19.215686274509803,62.35294117647059,0.011382161553067564,41,69
22:08:20,382.0,1669.5,22.0,21.568627450980394,68.23529411764706,0.01636967659376954,41,78
22:08:21,383.0,1963.5,22.0,27.45098039215686,71.76470588235294,0.01999286335799284,41,81
22:08:22,384.0,1713.5,24.0,20.784313725490197,70.58823529411765,0.01615490637651998,41,75
22:08:22,384.0,1682.5,26.0,27.45098039215686,80.7843137254902,0.01861216175942066,41,88
22:08:23,385.0,1676.5,28.0,28.627450980392158,81.56862745098039,0.018545788522834318,41,88
22:08:24,385.0,1686.75,30.0,30.980392156862745,83.13725490196079,0.01929528441267699,41,91
22:08:24,386.0,1788.25,32.0,34.11764705882353,82.3529411764706,0.020231580737306225,41,90
22:08:25,387.0,1897.75,34.0,32.15686274509804,82.74509803921569,0.021708982359067885,41,91
22:08:26,388.0,2029.75,36.0,34.509803921568626,82.3529411764706,0.022963819936556582,41,90
22:08:26,388.0,2145.75,39.0,34.509803921568626,82.3529411764706,0.02427619984178657,41,90
22:08:27,389.0,2294.5,42.0,32.15686274509804,77.6470588235294,0.024805362984608947,41,86
22:08:28,390.0,2405.0,44.0,30.980392156862745,76.86274509803921,0.025697630471900372,41,85
22:08:28,390.0,1966.5,45.0,30.58823529411765,80.3921568627451,0.02200103088539217,41,89
22:08:29,391.0,1993.75,47.0,30.980392156862745,80.3921568627451,0.022055273407337265,41,88
22:08:30,392.0,2025.5,49.0,30.58823529411765,80.7843137254902,0.022661117751518862,41,89
22:08:30,392.0,2092.25,50.0,31.764705882352942,80.7843137254902,0.023144900707963077,41,88
22:08:31,393.0,2167.0,51.0,31.764705882352942,80.3921568627451,0.023971800613767948,41,88
22:08:32,394.0,2232.0,53.0,31.764705882352942,80.0,0.02441026623727774,41,87
22:08:33,394.0,2291.25,55.0,31.372549019607842,75.29411764705883,0.024194176097709696,41,84
22:08:33,395.0,2345.75,56.0,28.627450980392158,72.94117647058823,0.02417990836598138,41,82
22:08:34,396.0,2391.0,57.0,27.058823529411764,67.05882352941177,0.02314351793220086,41,77
22:08:35,396.0,2424.0,58.0,25.49019607843137,43.92156862745098,0.01797809621900112,41,59
22:08:35,397.0,2440.5,58.0,24.705882352941178,65.88235294117646,0.023009074416047274,41,75
22:08:36,398.0,2451.5,59.0,29.80392156862745,76.07843137254902,0.02650265737928474,41,86
22:08:37,399.0,2488.75,60.0,31.372549019607842,70.58823529411765,0.02534109431230185,41,81
22:08:37,399.0,2507.25,60.0,26.274509803921568,62.745098039215684,0.02300803733422561,41,73
22:08:38,400.0,2518.0,60.0,25.098039215686274,54.11764705882353,0.021840566043531438,41,69
22:08:39,401.0,2511.0,60.0,22.352941176470587,45.09803921568628,0.01957029965574853,41,62
22:08:39,401.0,2485.5,60.0,20.0,36.07843137254902,0.015622223440848324,41,50
22:08:40,402.0,2451.0,59.0,19.607843137254903,36.07843137254902,0.015405379059955437,41,50
22:08:41,403.0,2412.25,58.0,19.607843137254903,33.333333333333336,0.01425211264754584,41,47
22:08:41,403.0,2370.25,57.0,18.823529411764707,30.58823529411765,0.012514183501494034,41,42
22:08:42,404.0,2078.0,55.0,15.294117647058824,17.647058823529413,0.006269253892110139,41,24
22:08:43,405.0,1587.0,53.0,14.901960784313726,18.823529411764707,0.0051869175909578236,41,26
22:08:44,405.0,1354.0,50.0,14.509803921568627,20.392156862745097,0.004765799517919466,41,28
22:08:44,406.0,1404.0,48.0,14.117647058823529,18.03921568627451,0.004412311750342193,41,25
22:08:45,407.0,1385.5,46.0,14.117647058823529,17.647058823529413,0.004180005422289989,41,24
22:08:46,407.0,1464.25,43.0,13.72549019607843,16.07843137254902,0.004049458819648099,41,22
22:08:46,408.0,1324.5,41.0,13.333333333333334,16.07843137254902,0.0038294717665683597,41,23
22:08:47,409.0,1196.5,37.0,13.72549019607843,17.647058823529413,0.0037602072715701104,41,25
22:08:48,410.0,1155.5,34.0,13.72549019607843,19.607843137254903,0.00392186632886185,41,27
22:08:48,410.0,1065.0,30.0,13.72549019607843,21.568627450980394,0.003882457219638708,41,29
22:08:49,411.0,1165.25,29.0,14.117647058823529,30.19607843137255,0.005419758173281792,41,37
22:08:50,411.0,1420.5,28.0,19.607843137254903,47.450980392156865,0.01053543138576365,41,59
22:08:50,412.0,1654.75,28.0,20.392156862745097,54.11764705882353,0.013728889155156616,41,66
22:08:51,413.0,1732.25,28.0,20.392156862745097,51.372549019607845,0.013936368372932677,41,64
22:08:52,413.0,1656.0,29.0,19.215686274509803,48.627450980392155,0.01249023633943021,41,60
22:08:52,414.0,1482.75,28.0,16.862745098039216,58.8235294117647,0.011556297018941111,41,62
22:08:53,415.0,1738.75,29.0,20.784313725490197,55.294117647058826,0.014644380989908883,41,67
22:08:54,416.0,1620.75,30.0,19.215686274509803,42.745098039215684,0.010798190207306465,41,53
22:08:54,416.0,1558.0,30.0,18.823529411764707,56.07843137254902,0.0123386338331364,41,63
22:08:55,417.0,1906.0,30.0,23.137254901960784,64.70588235294117,0.01773020223690212,41,74
22:08:56,417.0,1947.5,31.0,22.745098039215687,63.13725490196079,0.01762661976162343,41,72
22:08:56,418.0,2012.5,33.0,23.92156862745098,65.09803921568627,0.01897388332812749,41,75
22:08:57,419.0,1990.25,34.0,23.529411764705884,62.745098039215684,0.018764109959655023,41,75
22:08:58,420.0,1905.5,35.0,21.568627450980394,45.88235294117647,0.014611602919,41,61
22:08:58,420.0,1692.25,35.0,18.823529411764707,55.294117647058826,0.014040013701655103,41,66
22:08:59,421.0,1687.0,35.0,20.784313725490197,67.05882352941177,0.01590506393766513,41,75
22:09:00,422.0,1589.0,36.0,22.352941176470587,70.19607843137256,0.015380614803123032,41,77
22:09:00,422.0,1578.5,38.0,23.137254901960784,67.45098039215686,0.014882124140844343,41,75
22:09:01,423.0,1601.75,38.0,20.392156862745097,59.6078431372549,0.013691868476795481,41,68
22:09:02,424.0,1625.25,39.0,22.745098039215687,67.84313725490196,0.015527189033917874,41,76
22:09:02,424.0,1654.25,40.0,20.784313725490197,52.94117647058823,0.013308839590661788,41,64
22:09:03,425.0,1665.0,40.0,19.215686274509803,52.15686274509804,0.013186023961599555,41,63
22:09:04,426.0,1668.0,40.0,22.745098039215687,57.254901960784316,0.014467857093173327,41,69
22:09:04,426.0,1695.0,40.0,20.0,53.333333333333336,0.013636683153194334,41,64
22:09:05,427.0,1681.25,40.0,17.647058823529413,35.68627450980392,0.010567235228294607,41,50
22:09:06,428.0,1668.25,40.0,16.862745098039216,33.333333333333336,0.009646683691321503,41,46
22:09:06,428.0,1648.75,39.0,16.862745098039216,32.15686274509804,0.009119406151811239,41,44
22:09:07,429.0,1637.0,39.0,16.862745098039216,80.3921568627451,0.01831461355676938,41,89
22:09:08,430.0,1687.0,40.0,20.392156862745097,59.6078431372549,0.015268861380158524,41,72
22:09:09,430.0,1669.0,40.0,17.647058823529413,30.19607843137255,0.008392191807773357,41,40
22:09:09,431.0,1294.5,40.0,14.509803921568627,23.92156862745098,0.005207282106728633,41,32
22:09:10,432.0,1198.25,39.0,14.509803921568627,23.92156862745098,0.004820104893308293,41,32
22:09:11,432.0,1101.25,38.0,14.117647058823529,23.92156862745098,0.004429910714588573,41,32
22:09:11,433.0,1041.75,38.0,14.117647058823529,25.49019607843137,0.00445247510089018,41,34
22:09:12,434.0,979.25,38.0,14.117647058823529,26.274509803921568,0.004308446434566689,41,35
22:09:13,435.0,964.75,37.0,14.117647058823529,27.45098039215686,0.004365925908864238,41,36
22:09:13,435.0,951.75,36.0,14.117647058823529,27.84313725490196,0.0044267366156798505,41,37
22:09:14,436.0,930.75,35.0,14.117647058823529,28.235294117647058,0.004446064049628999,41,38
22:09:15,437.0,888.25,32.0,14.117647058823529,29.41176470588235,0.004354706569157171,41,39
22:09:15,437.0,851.25,28.0,14.117647058823529,31.372549019607842,0.004494335494419068,41,42
22:09:16,438.0,803.75,24.0,14.509803921568627,33.72549019607843,0.00444562407552284,41,44
22:09:17,439.0,795.25,20.0,14.509803921568627,35.294117647058826,0.004598546504135127,41,46
22:09:17,439.0,790.5,15.0,14.509803921568627,36.07843137254902,0.004670450843770333,41,47
22:09:18,440.0,739.75,9.0,14.901960784313726,40.0,0.004742575170458619,41,51
22:09:19,441.0,741.75,9.0,14.901960784313726,44.31372549019608,0.005128369608116743,41,55
22:09:20,441.0,790.0,9.0,14.901960784313726,46.27450980392157,0.005362655819646666,41,54
22:09:20,442.0,1666.25,11.0,18.03921568627451,48.23529411764706,0.012567546075226803,41,60
22:09:21,443.0,1971.75,14.0,20.0,74.11764705882354,0.02032472954092456,41,82
22:09:22,444.0,2043.25,18.0,27.84313725490196,82.3529411764706,0.02311655380483766,41,90
22:09:22,444.0,2496.25,26.0,34.90196078431372,77.6470588235294,0.02761403197144358,41,88
22:09:23,445.0,2815.75,31.0,34.11764705882353,77.25490196078431,0.030440488482855802,41,86
22:09:24,446.0,2811.25,37.0,36.86274509803921,81.17647058823529,0.03180541386704998,41,90
22:09:24,446.0,2512.75,42.0,36.86274509803921,80.7843137254902,0.0284282983350573,41,90
22:09:25,447.0,2581.5,47.0,32.549019607843135,79.2156862745098,0.028557085041274553,41,88
22:09:26,448.0,2422.75,50.0,39.6078431372549,82.74509803921569,0.027410072546516794,41,90
22:09:27,448.0,2235.75,54.0,19.607843137254903,27.84313725490196,0.010960917773141734,41,39
22:09:27,449.0,1874.75,53.0,14.509803921568627,18.03921568627451,0.005891724682303438,41,25
22:09:28,450.0,1109.5,54.0,14.117647058823529,20.392156862745097,0.0039052101662715266,41,28
22:09:29,450.0,1313.0,55.0,14.509803921568627,19.215686274509803,0.004456434867845616,41,27
22:09:29,451.0,1235.75,55.0,13.72549019607843,18.03921568627451,0.004038899441100271,41,26
22:09:30,452.0,1206.75,56.0,13.72549019607843,18.03921568627451,0.0039441164479447725,41,26
22:09:31,453.0,1205.75,56.0,13.72549019607843,18.03921568627451,0.003940848068870444,41,26
22:09:31,453.0,1197.75,56.0,13.72549019607843,18.03921568627451,0.003914701036275824,41,26
22:09:32,454.0,1194.25,57.0,13.72549019607843,18.03921568627451,0.003903261709515678,41,26
22:09:33,455.0,1199.25,57.0,13.72549019607843,18.431372549019606,0.003919603604887315,41,26
22:09:34,455.0,1222.5,56.0,13.72549019607843,18.03921568627451,0.003995593418365431,41,26
22:09:34,456.0,1214.25,57.0,13.72549019607843,18.03921568627451,0.003968629291002229,41,26
22:09:35,457.0,1219.75,57.0,13.72549019607843,18.03921568627451,0.0039866053759110304,41,26
22:09:36,457.0,1206.25,56.0,13.72549019607843,18.431372549019606,0.0039424822584076084,41,26
22:09:36,458.0,1193.5,54.0,13.72549019607843,18.431372549019606,0.003900810425209932,41,26
22:09:37,459.0,1166.75,53.0,13.72549019607843,18.823529411764707,0.0038133812849716698,41,26
22:09:38,459.0,1172.75,52.0,14.509803921568627,21.96078431372549,0.00442268256855881,41,30
22:09:38,460.0,1132.0,52.0,14.509803921568627,24.705882352941178,0.004695906488483846,41,33
22:09:39,461.0,1018.75,48.0,14.117647058823529,25.88235294117647,0.0044822362064996825,41,35
22:09:40,462.0,931.5,47.0,14.117647058823529,27.84313725490196,0.004332550730239854,41,37
22:09:40,462.0,883.5,45.0,14.117647058823529,29.019607843137255,0.004220357333169187,41,38
22:09:41,463.0,846.25,41.0,14.117647058823529,30.19607843137255,0.004255178140999523,41,40
22:09:42,464.0,804.75,34.0,14.117647058823529,32.549019607843135,0.0043499925608768905,41,43
22:09:42,464.0,843.5,28.0,14.509803921568627,33.72549019607843,0.004665485421715105,41,44
22:09:43,465.0,829.5,26.0,14.509803921568627,34.90196078431372,0.004692323842190833,41,45
22:09:44,466.0,837.75,21.0,14.509803921568627,35.294117647058826,0.004844303469147064,41,46
22:09:44,466.0,772.75,13.0,14.509803921568627,36.470588235294116,0.004565579872895034,41,47
22:09:45,467.0,692.75,7.0,15.686274509803921,49.01960784313726,0.005225006777862486,41,60
22:09:46,468.0,744.75,1.0,15.294117647058824,48.23529411764706,0.005617212266781793,41,60
22:09:46,468.0,710.5,1.0,14.509803921568627,46.27450980392157,0.005180255125921694,41,58
22:09:47,469.0,711.0,0.0,14.901960784313726,45.88235294117647,0.005183900625658443,41,58
22:09:48,470.0,713.0,0.0,14.901960784313726,47.450980392156865,0.005288111635374504,41,59
22:09:48,470.0,731.75,0.0,14.509803921568627,41.1764705882353,0.00487525879018757,41,53
22:09:49,471.0,731.25,0.0,14.117647058823529,38.431372549019606,0.004596158073273119,41,50
22:09:50,472.0,719.75,0.0,14.117647058823529,37.254901960784316,0.00443339908071598,41,49
22:09:50,472.0,697.0,0.0,13.72549019607843,36.07843137254902,0.00411803192676524,41,47
22:09:51,473.0,701.75,0.0,14.117647058823529,36.07843137254902,0.004146095989393841,41,47
22:09:52,474.0,715.25,0.0,13.72549019607843,85.09803921568627,0.007912242911397104,41,88
22:09:52,474.0,1609.0,2.0,17.647058823529413,56.07843137254902,0.012540267680644916,41,62
22:09:53,475.0,1720.25,7.0,20.784313725490197,53.333333333333336,0.014272320029707306,41,66
22:09:54,476.0,1871.5,10.0,20.784313725490197,49.01960784313726,0.015056668154102181,41,64
22:09:54,476.0,2048.5,14.0,24.313725490196077,61.568627450980394,0.01828324968834458,41,71
22:09:55,477.0,1858.5,16.0,23.92156862745098,66.66666666666667,0.017932139821209427,42,77
22:09:56,478.0,2033.0,19.0,23.529411764705884,64.70588235294117,0.018851587329415834,42,74
22:09:56,478.0,2007.25,22.0,23.92156862745098,65.09803921568627,0.01861281292030002,42,74
22:09:57,479.0,2206.25,25.0,23.529411764705884,52.549019607843135,0.017969951512603128,42,65
22:09:58,480.0,1880.0,25.0,21.568627450980394,69.80392156862744,0.018375166283255594,42,78
22:09:58,480.0,1972.75,27.0,20.784313725490197,50.19607843137255,0.015820887849554818,42,64
22:09:59,481.0,1975.75,29.0,26.666666666666668,74.90196078431373,0.020548915623866654,42,83
22:10:00,481.0,2137.75,31.0,26.274509803921568,69.80392156862744,0.020960932098431164,41,78
22:10:00,482.0,2022.5,32.0,25.49019607843137,70.58823529411765,0.020339374393315297,41,80
22:10:01,483.0,2036.25,34.0,25.49019607843137,68.62745098039215,0.019965710670298425,41,78
22:10:02,483.0,2055.75,37.0,23.92156862745098,62.35294117647059,0.01860637924259685,41,72
22:10:02,484.0,2008.5,38.0,24.313725490196077,67.05882352941177,0.019188653545377053,41,76
22:10:03,485.0,2049.75,39.0,24.705882352941178,68.23529411764706,0.020098080022808693,41,78
22:10:04,486.0,2068.75,40.0,25.098039215686274,69.01960784313725,0.020284377630045362,41,78
22:10:04,486.0,2142.75,41.0,26.666666666666668,69.80392156862744,0.02127931621768129,41,79
22:10:05,487.0,2013.75,42.0,24.313725490196077,68.23529411764706,0.019491952838130273,41,77
22:10:06,488.0,1922.75,42.0,24.705882352941178,67.45098039215686,0.018611124677598997,41,77
22:10:06,488.0,1843.25,43.0,23.137254901960784,67.45098039215686,0.017841609965926073,41,77
22:10:07,489.0,1820.75,43.0,22.745098039215687,60.78431372549019,0.016250537891165925,41,71
22:10:08,490.0,1790.25,43.0,21.176470588235293,58.8235294117647,0.015528226115739537,41,69
22:10:08,490.0,1793.0,43.0,22.352941176470587,67.05882352941177,0.017129826142325645,41,76
22:10:09,491.0,1782.5,43.0,22.745098039215687,66.66666666666667,0.017029512046121284,41,76
22:10:10,492.0,1790.75,43.0,22.745098039215687,66.66666666666667,0.017108330264567564,41,76
22:10:10,492.0,1790.5,43.0,22.745098039215687,65.09803921568627,0.016655785469660674,41,74
22:10:11,493.0,1771.25,43.0,21.568627450980394,55.68627450980392,0.014918107737383815,41,67
22:10:12,494.0,1754.0,42.0,21.176470588235293,64.31372549019608,0.016095761285963395,41,73
22:10:12,494.0,1742.75,41.0,22.745098039215687,60.78431372549019,0.015335297470188606,41,70
22:10:13,495.0,1719.25,41.0,18.03921568627451,39.21568627450981,0.011454443013365193,41,53
22:10:14,496.0,1651.5,39.0,17.254901960784313,34.11764705882353,0.009965036383849754,41,48
22:10:14,496.0,1735.25,38.0,18.823529411764707,40.0,0.011997308206922252,41,55
22:10:15,497.0,1718.25,37.0,18.431372549019606,41.1764705882353,0.011879772267133935,41,55
22:10:16,498.0,1669.5,35.0,18.431372549019606,37.64705882352941,0.01049338243190355,41,50
22:10:16,498.0,1571.25,34.0,16.862745098039216,34.90196078431372,0.009085779559411906,41,46
22:10:17,499.0,1497.0,32.0,16.862745098039216,34.509803921568626,0.00846824447469521,41,45
22:10:18,500.0,1460.0,31.0,16.862745098039216,36.07843137254902,0.008442474562763012,41,46
22:10:18,500.0,1263.5,30.0,16.470588235294116,29.80392156862745,0.006353226092942862,41,40
22:10:19,501.0,1061.5,28.0,13.333333333333334,24.313725490196077,0.004403449414775267,41,33
22:10:20,502.0,998.0,26.0,14.117647058823529,26.274509803921568,0.00439094157947159,41,35
22:10:20,502.0,996.25,23.0,13.72549019607843,25.49019607843137,0.004258006545967691,41,34
22:10:21,503.0,959.5,20.0,13.72549019607843,25.098039215686274,0.004100935790068758,41,34
22:10:22,504.0,902.25,15.0,13.72549019607843,25.88235294117647,0.003969666372823891,41,35
22:10:22,504.0,788.5,12.0,13.72549019607843,29.019607843137255,0.003865675350160911,41,39
22:10:23,505.0,785.25,10.0,14.117647058823529,36.86274509803921,0.004442010002507958,41,45
22:10:24,506.0,1273.25,9.0,24.705882352941178,58.431372549019606,0.011524053202303996,41,72
22:10:24,506.0,1573.5,11.0,20.0,54.509803921568626,0.01265918639619545,41,64
22:10:25,507.0,1646.25,13.0,20.0,57.254901960784316,0.014027604948029512,42,68
22:10:26,507.0,1779.5,15.0,21.176470588235293,61.1764705882353,0.015831977608256866,42,71
22:10:26,508.0,1887.0,17.0,21.96078431372549,61.1764705882353,0.016788390978803427,42,71
22:10:27,509.0,1845.0,20.0,21.96078431372549,66.27450980392157,0.017570688872327465,42,76
22:10:28,509.0,2144.5,22.0,23.529411764705884,63.529411764705884,0.019348057656845316,42,72
22:10:28,510.0,2201.5,24.0,24.705882352941178,67.84313725490196,0.020965784039256863,42,76
22:10:29,511.0,2246.5,25.0,25.88235294117647,71.37254901960785,0.022520355185670318,42,80
22:10:30,511.0,1961.25,27.0,25.49019607843137,72.15686274509804,0.019906586775203475,42,81
22:10:30,512.0,1989.25,28.0,25.88235294117647,74.50980392156863,0.02068932324675528,42,83
22:10:31,513.0,1880.25,29.0,25.88235294117647,73.72549019607843,0.01932005131707235,42,82
22:10:32,514.0,1808.0,30.0,24.705882352941178,70.19607843137256,0.017897993389047757,42,79
22:10:32,514.0,1774.75,31.0,23.137254901960784,66.66666666666667,0.016901669417974618,42,76
22:10:33,515.0,1782.75,32.0,21.568627450980394,57.254901960784316,0.015190713877661115,42,68
22:10:34,515.0,1805.25,32.0,20.784313725490197,68.23529411764706,0.017418345661683248,42,77
22:10:34,516.0,1841.5,34.0,22.745098039215687,61.96078431372549,0.01684509285239299,42,73
22:10:35,517.0,1898.0,34.0,21.568627450980394,57.254901960784316,0.016172752735829923,42,68
22:10:36,518.0,1938.0,35.0,21.176470588235293,56.470588235294116,0.016513590517406952,42,68
22:10:37,518.0,1965.25,35.0,21.568627450980394,47.84313725490196,0.015514478443157308,42,63
22:10:37,519.0,1624.25,35.0,18.03921568627451,40.78431372549019,0.010787171189891084,42,53
22:10:38,520.0,1725.75,35.0,21.176470588235293,67.45098039215686,0.01665127269112304,42,77
22:10:38,520.0,1940.25,35.0,23.137254901960784,60.78431372549019,0.01750527809218658,42,72
22:10:39,521.0,1737.5,36.0,19.607843137254903,49.411764705882355,0.01328108249077027,42,61
22:10:40,522.0,1656.75,35.0,19.215686274509803,47.450980392156865,0.01224863848641052,42,59
22:10:40,522.0,1683.25,36.0,18.03921568627451,40.0,0.011179009330696734,42,53
22:10:41,523.0,1650.0,35.0,18.03921568627451,39.21568627450981,0.010751427080628272,42,52
22:10:42,523.0,1655.0,35.0,18.03921568627451,39.21568627450981,0.010784007162690784,42,52
22:10:42,524.0,1635.5,35.0,18.03921568627451,38.8235294117647,0.010656944842646995,42,52
22:10:43,525.0,1632.5,35.0,18.03921568627451,38.8235294117647,0.01063739679340949,42,52
22:10:44,525.0,1599.0,34.0,18.03921568627451,40.78431372549019,0.010419110243590672,42,52
22:10:44,526.0,1481.25,35.0,18.03921568627451,43.92156862745098,0.00983746179776892,42,53
22:10:45,527.0,1451.0,35.0,17.254901960784313,39.6078431372549,0.009091095975519594,42,50
22:10:46,527.0,1445.0,34.0,16.862745098039216,36.470588235294116,0.008329223287288594,42,46
22:10:46,528.0,1433.75,34.0,16.470588235294116,35.68627450980392,0.008264376393183406,42,46
22:10:47,529.0,1418.25,34.0,16.470588235294116,36.07843137254902,0.008175031783527369,42,46
22:10:48,529.0,1394.0,34.0,16.470588235294116,30.980392156862745,0.007336533248445504,42,42
22:10:48,530.0,1371.5,33.0,14.509803921568627,20.784313725490197,0.004983938053512455,42,29
22:10:49,531.0,1307.75,31.0,14.117647058823529,20.0,0.004588403326472791,42,28
22:10:50,531.0,1235.25,29.0,14.509803921568627,20.784313725490197,0.004488814787168254,42,29
22:10:50,532.0,882.75,27.0,13.333333333333334,24.313725490196077,0.0035397006080837698,42,32
22:10:51,533.0,1028.25,25.0,14.117647058823529,25.098039215686274,0.004380830611332223,42,34
22:10:52,534.0,995.75,22.0,13.72549019607843,24.313725490196077,0.00411758981366754,42,33
22:10:52,534.0,958.25,19.0,13.72549019607843,24.705882352941178,0.0039625211538507855,42,33
22:10:53,535.0,898.75,17.0,13.72549019607843,26.274509803921568,0.003941720024533952,42,35
22:10:54,536.0,825.5,14.0,13.72549019607843,28.235294117647058,0.003827345140293353,42,37
22:10:54,536.0,757.0,9.0,14.117647058823529,32.549019607843135,0.003984042804213233,42,42
22:10:55,537.0,759.0,4.0,14.117647058823529,35.294117647058826,0.004375003788963352,42,46
22:10:56,538.0,745.75,1.0,14.117647058823529,36.86274509803921,0.0044855254519600195,42,48
22:10:56,538.0,717.75,0.0,15.294117647058824,49.01960784313726,0.005486329184316755,42,61
22:10:57,539.0,756.75,0.0,14.901960784313726,49.01960784313726,0.00578443693518872,42,61
22:10:58,540.0,691.75,0.0,14.509803921568627,46.666666666666664,0.005114227054760512,42,59
22:10:58,540.0,672.0,0.0,14.509803921568627,47.05882352941177,0.004968211898516897,42,59
22:10:59,541.0,681.0,0.0,14.509803921568627,45.88235294117647,0.004949415697326988,42,58
22:11:00,542.0,686.25,0.0,14.901960784313726,45.88235294117647,0.004987571985742504,42,58
22:11:00,542.0,703.75,0.0,14.901960784313726,46.27450980392157,0.0051147596137942255,42,58
22:11:01,543.0,710.75,0.0,14.901960784313726,45.490196078431374,0.005165634665014914,42,58
22:11:02,544.0,709.5,0.0,14.901960784313726,47.05882352941177,0.005245455866068064,42,59
22:11:02,544.0,709.25,0.0,14.901960784313726,45.490196078431374,0.005154732868324767,42,58
22:11:03,545.0,699.25,0.0,14.901960784313726,47.450980392156865,0.005169675848270745,42,59
22:11:04,546.0,698.5,0.0,14.509803921568627,45.88235294117647,0.005076603325378709,42,58
22:11:04,546.0,701.0,0.0,14.901960784313726,46.27450980392157,0.005094772986528955,42,58
22:11:05,547.0,692.75,0.0,14.509803921568627,45.88235294117647,0.004948005982237744,42,57
22:11:06,547.0,690.75,0.0,14.901960784313726,45.88235294117647,0.005020277375812947,42,58
22:11:06,548.0,688.5,0.0,14.901960784313726,45.88235294117647,0.005003924680777726,42,58
22:11:07,549.0,695.0,0.0,14.901960784313726,45.490196078431374,0.004964076734255117,42,57
22:11:08,550.0,687.0,0.0,14.901960784313726,45.88235294117647,0.004993022884087578,42,58
22:11:08,550.0,699.25,0.0,14.901960784313726,45.88235294117647,0.005082054223723783,42,58
22:11:09,551.0,690.25,0.0,14.901960784313726,45.88235294117647,0.005016643443582898,42,58
22:11:10,552.0,697.75,0.0,14.901960784313726,46.666666666666664,0.005071152427033636,42,58
22:11:10,552.0,709.75,0.0,13.72549019607843,38.8235294117647,0.004535805290143027,42,51
22:11:11,553.0,702.0,0.0,14.117647058823529,37.254901960784316,0.004222378635301286,42,48
22:11:12,554.0,701.25,0.0,14.117647058823529,36.470588235294116,0.004217867547015707,42,48
22:11:12,554.0,693.5,0.0,14.117647058823529,36.07843137254902,0.0040843518645633835,42,47
22:11:13,555.0,697.75,0.0,13.72549019607843,35.68627450980392,0.004109382139147946,42,47
22:11:14,556.0,691.25,0.0,14.117647058823529,36.86274509803921,0.004157719703207997,42,48
22:11:14,556.0,797.75,0.0,13.72549019607843,43.13725490196079,0.005098187629745122,42,51
22:11:15,557.0,1174.75,3.0,16.07843137254902,39.6078431372549,0.00691866236899183,42,47
22:11:16,558.0,1253.5,5.0,17.647058823529413,60.0,0.010523930392226401,42,67
22:11:16,558.0,1645.25,8.0,19.607843137254903,44.705882352941174,0.011545128002874187,42,56
22:11:17,559.0,1666.5,11.0,18.431372549019606,38.431372549019606,0.011276592941874346,42,54
22:11:18,560.0,1853.5,13.0,18.823529411764707,41.1764705882353,0.013238728384089007,42,57
22:11:19,560.0,1503.75,15.0,18.03921568627451,43.92156862745098,0.010175323514157545,42,54
22:11:19,561.0,1527.5,16.0,17.254901960784313,37.254901960784316,0.009187583141627797,42,48
22:11:20,562.0,1511.0,16.0,16.862745098039216,34.509803921568626,0.008709658399372364,42,46
22:11:21,562.0,1508.0,16.0,17.254901960784313,36.470588235294116,0.008881330370240203,42,47
22:11:21,563.0,1550.5,17.0,19.215686274509803,45.09803921568628,0.01088024371278312,42,56
22:11:22,564.0,1621.75,18.0,18.823529411764707,45.88235294117647,0.011989877450029432,42,59
22:11:23,564.0,1718.5,20.0,19.215686274509803,44.31372549019608,0.01270516688631144,42,59
22:11:23,565.0,1903.0,21.0,19.215686274509803,43.13725490196079,0.014307668345759165,42,60
22:11:24,566.0,1819.25,22.0,19.607843137254903,46.666666666666664,0.013222062419033955,42,58
22:11:25,566.0,1601.25,24.0,18.823529411764707,46.27450980392157,0.011437018519030225,42,57
22:11:25,567.0,1589.5,24.0,18.431372549019606,43.13725490196079,0.01095473932349913,42,55
22:11:26,568.0,1624.5,26.0,19.215686274509803,46.27450980392157,0.011603082956543076,42,57
22:11:27,568.0,1396.75,26.0,17.647058823529413,33.72549019607843,0.007701054243521815,42,44
22:11:27,569.0,1195.5,25.0,14.901960784313726,28.235294117647058,0.005542811768892433,42,37
22:11:28,570.0,1057.75,24.0,14.509803921568627,28.627450980392158,0.004904148179461289,42,37
22:11:29,571.0,939.75,23.0,14.509803921568627,30.19607843137255,0.004592569817736554,42,39
22:11:29,571.0,888.5,22.0,14.509803921568627,31.764705882352942,0.004564782766977472,42,41
22:11:30,572.0,856.5,21.0,14.509803921568627,33.72549019607843,0.00472235758695288,42,44
22:11:31,573.0,834.25,19.0,14.509803921568627,36.07843137254902,0.004808757458422497,42,46
22:11:31,573.0,798.75,15.0,14.901960784313726,38.03921568627451,0.0049043987954771546,42,49
22:11:32,574.0,752.25,12.0,14.901960784313726,42.35294117647059,0.004995936295272014,42,53
22:11:33,574.0,738.0,9.0,15.294117647058824,47.84313725490196,0.0053636839715525955,42,58
22:11:33,575.0,1057.5,9.0,16.862745098039216,56.07843137254902,0.008480845976887199,42,64
22:11:34,576.0,1546.0,10.0,18.823529411764707,52.15686274509804,0.011817296996104079,42,61
22:11:35,576.0,1602.25,12.0,18.823529411764707,52.549019607843135,0.012648809609743695,42,63
22:11:35,577.0,1802.75,13.0,20.0,50.588235294117645,0.014457536723246709,42,64
22:11:36,578.0,1676.75,15.0,20.392156862745097,58.03921568627451,0.013867273351879584,42,66
22:11:37,578.0,1633.5,16.0,20.0,54.11764705882353,0.013100200381319375,42,64
22:11:37,579.0,1641.0,18.0,18.431372549019606,39.21568627450981,0.010487152491898145,42,51
22:11:38,580.0,1595.25,18.0,17.254901960784313,34.509803921568626,0.009195289584115661,42,46
22:11:39,580.0,1471.75,18.0,16.470588235294116,31.372549019607842,0.0075613044876748385,42,41
22:11:39,581.0,1344.5,17.0,14.901960784313726,22.745098039215687,0.005222775116632239,42,31
22:11:40,582.0,1165.75,16.0,14.509803921568627,24.313725490196077,0.004674489927922577,42,32
22:11:41,582.0,1161.5,15.0,14.509803921568627,25.49019607843137,0.004657448038843726,42,32
22:11:41,583.0,1381.75,15.0,16.862745098039216,34.90196078431372,0.007618350958286214,42,44
22:11:42,584.0,1493.0,16.0,16.862745098039216,34.509803921568626,0.008605903368804063,42,46
22:11:43,584.0,1584.5,17.0,17.254901960784313,34.509803921568626,0.009133324774192925,42,46
22:11:43,585.0,1680.0,18.0,17.254901960784313,35.294117647058826,0.010525872666349358,42,50
22:11:44,586.0,1800.75,20.0,18.03921568627451,36.470588235294116,0.011733716554812947,42,52
22:11:45,586.0,1925.5,22.0,18.03921568627451,35.68627450980392,0.012467468747142363,44,52
22:11:45,587.0,1514.0,24.0,18.03921568627451,38.8235294117647,0.009425997085259341,44,50
22:11:46,588.0,1555.25,26.0,17.254901960784313,35.294117647058826,0.009101846135296313,44,47
22:11:47,589.0,1622.5,27.0,17.254901960784313,34.11764705882353,0.009293385633531452,44,46
22:11:47,589.0,1667.5,28.0,17.254901960784313,33.72549019607843,0.00975877089252956,44,47
22:11:48,590.0,1715.75,30.0,17.647058823529413,32.94117647058823,0.009827504715396973,44,46
22:11:49,590.0,1540.25,30.0,14.901960784313726,20.392156862745097,0.005370078947106733,44,28
22:11:49,591.0,1282.25,30.0,13.72549019607843,18.431372549019606,0.003991573567560697,44,25
22:11:50,592.0,1290.75,30.0,14.901960784313726,21.96078431372549,0.0048216403188105,44,30
22:11:51,592.0,1323.75,29.0,14.117647058823529,19.607843137254903,0.004450421642318699,44,27
22:11:51,593.0,1237.25,28.0,14.117647058823529,19.607843137254903,0.004159610331980214,44,27
22:11:52,594.0,1175.5,27.0,14.117647058823529,20.392156862745097,0.004098378706264544,44,28
22:11:53,594.0,1125.75,25.0,14.509803921568627,23.137254901960784,0.004345453141091834,44,31
22:11:53,595.0,1090.0,24.0,15.294117647058824,28.627450980392158,0.00502180267435283,44,37
22:11:54,596.0,994.75,24.0,14.901960784313726,31.372549019607842,0.005078427141651663,44,41
22:11:54,596.0,970.25,24.0,14.901960784313726,32.94117647058823,0.005194975797818146,44,43
22:11:55,597.0,961.5,24.0,14.901960784313726,32.94117647058823,0.005267849837370961,44,44
22:11:56,598.0,896.0,24.0,14.509803921568627,32.94117647058823,0.004797421607673341,44,43
22:11:57,598.0,893.5,24.0,14.509803921568627,32.94117647058823,0.004784035944705503,44,43
22:11:57,599.0,870.75,24.0,14.509803921568627,34.11764705882353,0.004770650281737664,44,44
22:11:58,600.0,860.75,24.0,14.509803921568627,34.90196078431372,0.004823041144004809,44,45
22:11:58,600.0,853.25,23.0,14.509803921568627,35.294117647058826,0.004887261196801672,44,46
22:11:59,601.0,862.75,24.0,14.509803921568627,35.294117647058826,0.004941675473238374,44,46
22:12:00,602.0,877.25,24.0,14.509803921568627,34.509803921568626,0.004915495606829182,44,45
22:12:00,602.0,872.75,25.0,14.509803921568627,34.11764705882353,0.004781607847702034,44,44
22:12:01,603.0,876.5,24.0,14.509803921568627,33.72549019607843,0.004802153283885229,44,44
22:12:02,604.0,891.5,25.0,14.509803921568627,32.94117647058823,0.004773327414331232,44,43
22:12:02,604.0,897.0,26.0,14.509803921568627,32.549019607843135,0.004802775872860477,44,43
22:12:03,605.0,905.75,27.0,14.509803921568627,32.15686274509804,0.004736843700381681,44,42
22:12:04,606.0,1171.25,27.0,14.117647058823529,23.92156862745098,0.004812768425913212,44,33
22:12:04,606.0,1227.25,27.0,14.117647058823529,21.568627450980394,0.004570024257385667,45,30
22:12:05,607.0,1191.25,27.0,14.117647058823529,20.784313725490197,0.004140236547975798,45,28
22:12:06,607.0,1163.0,28.0,14.117647058823529,20.784313725490197,0.004186411574084238,45,29
22:12:06,608.0,1172.5,29.0,14.117647058823529,20.784313725490197,0.004220608401215622,45,29
22:12:07,609.0,1180.25,29.0,14.117647058823529,20.392156862745097,0.004102005612380638,45,28
22:12:08,609.0,1218.25,30.0,14.117647058823529,20.0,0.004234076117163917,45,28
22:12:08,610.0,1255.0,30.0,14.117647058823529,20.0,0.004361802197447745,45,28
22:12:09,611.0,1237.5,31.0,14.117647058823529,19.607843137254903,0.004300980254455446,45,28
22:12:10,611.0,1138.5,31.0,14.117647058823529,21.568627450980394,0.0040982197567454035,45,29
22:12:10,612.0,1055.25,31.0,14.117647058823529,23.529411764705884,0.004060516358410891,45,31
22:12:11,613.0,1024.5,30.0,14.117647058823529,24.313725490196077,0.004069360365427629,45,32
22:12:12,613.0,982.25,28.0,14.117647058823529,25.49019607843137,0.004145387794168003,45,34
22:12:12,614.0,914.0,26.0,14.117647058823529,26.666666666666668,0.00397080399249725,45,35
22:12:13,615.0,877.75,25.0,14.117647058823529,28.627450980392158,0.004140174484768663,45,38
22:12:13,615.0,978.75,21.0,14.509803921568627,29.019607843137255,0.004616571662736916,45,38
22:12:14,616.0,914.5,17.0,14.117647058823529,27.84313725490196,0.004200003416446802,45,37
22:12:15,617.0,846.75,14.0,14.117647058823529,30.980392156862745,0.004309265692607969,45,41
22:12:15,617.0,824.75,14.0,14.117647058823529,31.372549019607842,0.00419730366693643,45,41
22:12:16,618.0,1040.0,14.0,16.470588235294116,73.72549019607843,0.010069134725582274,45,78
22:12:17,619.0,1638.75,15.0,18.823529411764707,51.76470588235294,0.011797905360327677,45,58
22:12:17,619.0,1612.0,16.0,21.96078431372549,66.27450980392157,0.014806791705439575,45,74
22:12:18,620.0,1600.75,17.0,21.96078431372549,67.45098039215686,0.014902151823202502,45,75
22:12:19,621.0,1770.25,18.0,22.745098039215687,65.88235294117646,0.016480108864609856,45,75
22:12:19,621.0,1784.25,20.0,22.352941176470587,62.745098039215684,0.01594602393560962,45,72
22:12:20,622.0,1686.5,21.0,20.392156862745097,58.8235294117647,0.014025726243645608,45,67
22:12:21,623.0,1622.0,22.0,20.392156862745097,63.92156862745098,0.0144959791641075,45,72
22:12:21,623.0,1780.5,24.0,21.96078431372549,56.470588235294116,0.015028481481325792,45,68
22:12:22,624.0,1650.25,24.0,19.607843137254903,52.549019607843135,0.012700056139242025,45,62
22:12:23,624.0,1630.75,25.0,19.607843137254903,52.15686274509804,0.012549987304389599,45,62
22:12:23,625.0,1650.5,26.0,19.607843137254903,47.05882352941177,0.011882497511652683,45,58
22:12:24,626.0,1593.75,26.0,18.431372549019606,41.96078431372549,0.01048480305536893,45,53
22:12:25,626.0,1577.5,26.0,18.431372549019606,41.96078431372549,0.010377899181078894,45,53
22:12:25,627.0,1570.5,26.0,18.03921568627451,40.3921568627451,0.009941967214162661,45,51
22:12:26,628.0,1557.75,26.0,18.03921568627451,35.68627450980392,0.008894464404138143,45,46
22:12:26,628.0,1265.0,25.0,14.901960784313726,26.274509803921568,0.005495696991804181,45,35
22:12:27,629.0,1145.5,23.0,14.901960784313726,25.49019607843137,0.004834351456573629,45,34
22:12:28,630.0,1095.25,21.0,14.117647058823529,24.313725490196077,0.0043503825673349055,45,32
22:12:28,630.0,971.75,17.0,14.117647058823529,25.098039215686274,0.003980454821206743,45,33
22:12:29,631.0,848.25,13.0,14.117647058823529,27.84313725490196,0.0038957385434674687,45,37
22:12:30,632.0,776.5,11.0,14.117647058823529,32.15686274509804,0.0040481347485874595,45,42
22:12:30,632.0,751.0,9.0,14.117647058823529,35.294117647058826,0.0041948521702545975,45,45
22:12:31,633.0,765.0,7.0,14.509803921568627,36.470588235294116,0.004462965225077794,45,47
22:12:32,634.0,760.75,6.0,14.509803921568627,38.431372549019606,0.004627029313139164,45,49
22:12:32,634.0,832.75,5.0,14.901960784313726,38.431372549019606,0.0050649473026837186,45,49
22:12:33,635.0,828.25,5.0,14.901960784313726,38.8235294117647,0.005037577428337184,45,49
22:12:34,636.0,830.5,4.0,14.901960784313726,40.3921568627451,0.0051543493525616855,45,50
22:12:34,636.0,808.25,4.0,14.901960784313726,41.568627450980394,0.005216909065353765,45,52
22:12:35,637.0,820.25,3.0,15.294117647058824,43.13725490196079,0.005396178639163211,45,53
22:12:36,638.0,757.75,2.0,14.509803921568627,40.0,0.004796896311067657,45,51
22:12:36,638.0,713.5,1.0,14.117647058823529,38.03921568627451,0.004339645632500551,45,49
22:12:37,639.0,718.25,0.0,14.117647058823529,37.64705882352941,0.004279382258372467,45,48
22:12:38,639.0,717.0,0.0,14.117647058823529,37.254901960784316,0.004271934673516266,45,48
22:12:38,640.0,705.75,0.0,14.117647058823529,36.470588235294116,0.004117304192939416,45,47
22:12:39,641.0,702.25,0.0,13.72549019607843,36.07843137254902,0.004096885397792001,45,47
22:12:39,641.0,697.75,0.0,14.117647058823529,35.68627450980392,0.004070632661173896,45,47
22:12:40,642.0,706.25,0.0,14.117647058823529,36.07843137254902,0.004120221163674761,45,47
22:12:41,643.0,755.5,0.0,14.509803921568627,36.470588235294116,0.004501320287087223,45,48
22:12:41,643.0,707.0,0.0,14.509803921568627,39.6078431372549,0.004563383494222223,45,52
22:12:42,644.0,695.75,0.0,15.294117647058824,44.31372549019608,0.004749852400059328,45,55
22:12:43,645.0,732.75,0.0,14.509803921568627,45.09803921568628,0.0050934032831551155,45,56
22:12:43,645.0,765.0,0.0,14.901960784313726,44.31372549019608,0.005222618880410185,45,55
22:12:44,646.0,765.5,0.0,16.07843137254902,55.68627450980392,0.006461276368410499,45,68
22:12:45,647.0,796.25,1.0,14.901960784313726,50.19607843137255,0.00583130378438669,45,59
22:12:45,647.0,787.0,0.0,16.470588235294116,52.94117647058823,0.006251999233951282,45,64
22:12:46,648.0,751.25,1.0,13.72549019607843,45.490196078431374,0.005408498185779507,45,58
22:12:47,649.0,860.5,0.0,13.72549019607843,41.1764705882353,0.0056609713124046845,45,53
22:12:47,649.0,717.75,0.0,19.215686274509803,50.98039215686274,0.005523687498222066,45,62
22:12:48,650.0,862.0,0.0,15.294117647058824,45.88235294117647,0.005991830269641365,45,56
22:12:49,651.0,763.0,0.0,15.686274509803921,65.09803921568627,0.006819008694336635,45,72
22:12:49,651.0,988.75,1.0,16.862745098039216,54.509803921568626,0.008222909471333884,45,67
22:12:50,652.0,764.75,1.0,15.294117647058824,52.94117647058823,0.006075243220030804,45,64
22:12:51,653.0,814.0,2.0,14.901960784313726,47.84313725490196,0.005759217369299388,45,57
22:12:51,653.0,756.5,2.0,14.901960784313726,48.23529411764706,0.005446294678924722,45,58
22:12:52,654.0,727.5,3.0,15.294117647058824,50.19607843137255,0.005418117982885432,45,60
22:12:53,655.0,747.75,2.0,15.294117647058824,52.15686274509804,0.005661747102493871,45,61
22:12:53,655.0,1111.25,2.0,16.470588235294116,48.23529411764706,0.0077243867600220026,45,56
22:12:54,656.0,1114.0,3.0,16.862745098039216,47.450980392156865,0.007605225402322805,45,55
22:12:55,657.0,1112.5,4.0,16.862745098039216,49.411764705882355,0.007871166244896276,45,57
22:12:55,657.0,1312.5,4.0,18.823529411764707,56.86274509803921,0.010426618798679869,45,64
22:12:56,658.0,1417.75,6.0,18.823529411764707,55.294117647058826,0.010910773877539998,45,62
22:12:57,659.0,1391.75,7.0,18.431372549019606,48.23529411764706,0.009846917412435409,45,57
22:12:57,659.0,1323.0,8.0,17.254901960784313,45.88235294117647,0.008867839288277229,45,54
22:12:58,660.0,1114.5,8.0,15.686274509803921,36.07843137254902,0.00636358888038001,45,46
22:12:59,661.0,980.5,7.0,14.901960784313726,33.72549019607843,0.005233355815244539,45,43
22:12:59,661.0,881.0,5.0,14.901960784313726,35.294117647058826,0.004920991693734088,45,45
22:13:00,662.0,815.75,5.0,14.901960784313726,38.8235294117647,0.00496154999959681,45,49
22:13:01,663.0,794.5,4.0,14.901960784313726,42.35294117647059,0.0051281586791507155,45,52
22:13:01,663.0,792.5,4.0,14.901960784313726,44.705882352941174,0.005410360081993557,45,55
22:13:02,664.0,736.75,3.0,14.901960784313726,44.31372549019608,0.005029757464238174,45,55
22:13:03,665.0,712.75,3.0,14.901960784313726,43.92156862745098,0.004865910597401777,45,55
22:13:03,665.0,704.75,2.0,14.901960784313726,44.31372549019608,0.004898773065579758,45,56
22:13:04,666.0,702.0,2.0,14.901960784313726,44.705882352941174,0.004879657597782179,45,56
22:13:05,667.0,693.75,1.0,14.901960784313726,44.705882352941174,0.00482231119438944,45,56
22:13:05,667.0,704.0,1.0,14.901960784313726,45.09803921568628,0.004893559756180418,45,56
22:13:06,668.0,700.75,1.0,14.901960784313726,45.88235294117647,0.004957950333582981,45,57
22:13:07,669.0,708.25,0.0,14.901960784313726,45.490196078431374,0.005011014375683405,45,57
22:13:07,669.0,701.0,0.0,14.901960784313726,45.490196078431374,0.004959719134986328,45,57
22:13:08,670.0,710.0,0.0,14.901960784313726,45.490196078431374,0.005023395985506837,45,57
22:13:09,671.0,702.25,0.0,14.901960784313726,45.88235294117647,0.004968563142003065,45,57
22:13:09,671.0,706.0,0.0,14.901960784313726,45.88235294117647,0.004995095163053277,45,57
22:13:10,672.0,730.5,0.0,14.509803921568627,43.92156862745098,0.004987089009332863,45,55
22:13:11,672.0,703.25,0.0,13.72549019607843,39.6078431372549,0.0044518869426041965,45,51
22:13:11,673.0,717.0,0.0,13.72549019607843,38.431372549019606,0.004360933312547856,45,49
22:13:12,674.0,707.0,0.0,13.72549019607843,36.86274509803921,0.004212353994666667,45,48
22:13:13,674.0,709.75,0.0,14.117647058823529,36.07843137254902,0.004140639958822175,45,47
22:13:13,675.0,749.5,0.0,13.333333333333334,32.549019607843135,0.004000408142300645,45,43
22:13:14,676.0,717.25,0.0,12.941176470588236,30.19607843137255,0.0035611868254062555,45,40
22:13:15,677.0,687.75,0.0,12.941176470588236,28.627450980392158,0.003243981773739274,45,38
22:13:15,677.0,686.0,0.0,12.941176470588236,28.627450980392158,0.0032357273671903197,45,38
22:13:16,678.0,0,0,12.941176470588236,0,0.0,0,0
22:13:18,0,0,0,0,0,0.0,0,0
22:13:19,0,0,0,0,0,0.0,0,0
22:13:20,0,0,0,0,0,0.0,0,0
22:13:21,0,0,0,0,0.0,0.0,0,94
22:13:21,0.0,0.0,0.0,10.588235294117647,0.0,0.0,45,94
22:13:22,0.0,0.0,0.0,10.588235294117647,0.0,0.0,45,94
22:13:23,0.0,0.0,0.0,10.588235294117647,0.0,0.0,45,94
22:13:23,0.0,0.0,0.0,10.588235294117647,0.0,0.0,45,94
22:13:24,0.0,0.0,0.0,10.588235294117647,0.0,0.0,45,94
22:13:25,0.0,0.0,0.0,10.588235294117647,0.0,0.0,45,94
22:13:25,0.0,0.0,0.0,10.588235294117647,0.0,0.0,45,94
22:13:26,0.0,0.0,0.0,10.588235294117647,0.0,0.0,45,94
22:13:27,0.0,0.0,0.0,10.588235294117647,0.0,0.0,45,94
22:13:27,0.0,0.0,0.0,10.588235294117647,0.0,0.0,45,94
22:13:28,0.0,0.0,0.0,10.588235294117647,0.0,0.0,47,94
22:13:29,0.0,0.0,0.0,10.588235294117647,0.0,0.0,47,94
22:13:29,0.0,0.0,0.0,10.588235294117647,0.0,0.0,47,94
